"","year","survey","depth","enviro","cpue_kg_km2","scientific_name","species","longitude","latitude","presence","est_non_rf","quadratic","model"
"1",2013,"GOA",0,-3,122.438478157099,"Sebastes polyspinis","northern rockfish",85.169474047778,785.250272763202,1,-8.4917480363445,TRUE,1
"2",2013,"GOA",0,-2.9,79.6655780660482,"Sebastes polyspinis","northern rockfish",85.169474047778,785.250272763202,1,-8.34394402531256,TRUE,1
"3",2013,"GOA",0,-2.8,256.244495319145,"Sebastes polyspinis","northern rockfish",85.169474047778,785.250272763202,1,-8.19801048379339,TRUE,1
"4",2013,"GOA",0,-2.7,209.34485726138,"Sebastes polyspinis","northern rockfish",85.169474047778,785.250272763202,1,-8.05394741178699,TRUE,1
"5",2013,"GOA",0,-2.6,0,"Sebastes polyspinis","northern rockfish",85.169474047778,785.250272763202,0,-7.91175480929335,TRUE,1
"6",2013,"GOA",0,-2.5,0,"Sebastes polyspinis","northern rockfish",85.169474047778,785.250272763202,0,-7.77143267631249,TRUE,1
"7",2013,"GOA",0,-2.4,37.2786362542892,"Sebastes polyspinis","northern rockfish",85.169474047778,785.250272763202,1,-7.6329810128444,TRUE,1
"8",2013,"GOA",0,-2.3,0,"Sebastes polyspinis","northern rockfish",85.169474047778,785.250272763202,0,-7.49639981888908,TRUE,1
"9",2013,"GOA",0,-2.2,0,"Sebastes polyspinis","northern rockfish",85.169474047778,785.250272763202,0,-7.36168909444652,TRUE,1
"10",2013,"GOA",0,-2.1,0,"Sebastes polyspinis","northern rockfish",85.169474047778,785.250272763202,0,-7.22884883951674,TRUE,1
"11",2013,"GOA",0,-2,0,"Sebastes polyspinis","northern rockfish",85.169474047778,785.250272763202,0,-7.09787905409973,TRUE,1
"12",2013,"GOA",0,-1.9,0,"Sebastes polyspinis","northern rockfish",85.169474047778,785.250272763202,0,-6.96877973819548,TRUE,1
"13",2013,"GOA",0,-1.8,0,"Sebastes polyspinis","northern rockfish",85.169474047778,785.250272763202,0,-6.84155089180401,TRUE,1
"14",2013,"GOA",0,-1.7,0,"Sebastes polyspinis","northern rockfish",85.169474047778,785.250272763202,0,-6.7161925149253,TRUE,1
"15",2013,"GOA",0,-1.6,0,"Sebastes polyspinis","northern rockfish",85.169474047778,785.250272763202,0,-6.59270460755937,TRUE,1
"16",2013,"GOA",0,-1.5,0,"Sebastes polyspinis","northern rockfish",85.169474047778,785.250272763202,0,-6.4710871697062,TRUE,1
"17",2013,"GOA",0,-1.4,0,"Sebastes polyspinis","northern rockfish",85.169474047778,785.250272763202,0,-6.3513402013658,TRUE,1
"18",2013,"GOA",0,-1.3,0,"Sebastes polyspinis","northern rockfish",85.169474047778,785.250272763202,0,-6.23346370253818,TRUE,1
"19",2013,"GOA",0,-1.2,0,"Sebastes polyspinis","northern rockfish",85.169474047778,785.250272763202,0,-6.11745767322332,TRUE,1
"20",2013,"GOA",0,-1.1,0,"Sebastes polyspinis","northern rockfish",85.169474047778,785.250272763202,0,-6.00332211342123,TRUE,1
"21",2013,"GOA",0,-1,0,"Sebastes polyspinis","northern rockfish",85.169474047778,785.250272763202,0,-5.89105702313191,TRUE,1
"22",2013,"GOA",0,-0.9,0,"Sebastes polyspinis","northern rockfish",85.169474047778,785.250272763202,0,-5.78066240235537,TRUE,1
"23",2013,"GOA",0,-0.8,0,"Sebastes polyspinis","northern rockfish",85.169474047778,785.250272763202,0,-5.67213825109159,TRUE,1
"24",2013,"GOA",0,-0.7,0,"Sebastes polyspinis","northern rockfish",85.169474047778,785.250272763202,0,-5.56548456934058,TRUE,1
"25",2013,"GOA",0,-0.6,0,"Sebastes polyspinis","northern rockfish",85.169474047778,785.250272763202,0,-5.46070135710234,TRUE,1
"26",2013,"GOA",0,-0.5,0,"Sebastes polyspinis","northern rockfish",85.169474047778,785.250272763202,0,-5.35778861437687,TRUE,1
"27",2013,"GOA",0,-0.4,0,"Sebastes polyspinis","northern rockfish",85.169474047778,785.250272763202,0,-5.25674634116417,TRUE,1
"28",2013,"GOA",0,-0.3,0,"Sebastes polyspinis","northern rockfish",85.169474047778,785.250272763202,0,-5.15757453746424,TRUE,1
"29",2013,"GOA",0,-0.2,0,"Sebastes polyspinis","northern rockfish",85.169474047778,785.250272763202,0,-5.06027320327708,TRUE,1
"30",2013,"GOA",0,-0.0999999999999996,0,"Sebastes polyspinis","northern rockfish",85.169474047778,785.250272763202,0,-4.96484233860269,TRUE,1
"31",2013,"GOA",0,0,0,"Sebastes polyspinis","northern rockfish",85.169474047778,785.250272763202,0,-4.87128194344107,TRUE,1
"32",2013,"GOA",0,0.1,0,"Sebastes polyspinis","northern rockfish",85.169474047778,785.250272763202,0,-4.77959201779221,TRUE,1
"33",2013,"GOA",0,0.2,0,"Sebastes polyspinis","northern rockfish",85.169474047778,785.250272763202,0,-4.68977256165613,TRUE,1
"34",2013,"GOA",0,0.3,0,"Sebastes polyspinis","northern rockfish",85.169474047778,785.250272763202,0,-4.60182357503282,TRUE,1
"35",2013,"GOA",0,0.4,0,"Sebastes polyspinis","northern rockfish",85.169474047778,785.250272763202,0,-4.51574505792228,TRUE,1
"36",2013,"GOA",0,0.5,0,"Sebastes polyspinis","northern rockfish",85.169474047778,785.250272763202,0,-4.4315370103245,TRUE,1
"37",2013,"GOA",0,0.6,0,"Sebastes polyspinis","northern rockfish",85.169474047778,785.250272763202,0,-4.3491994322395,TRUE,1
"38",2013,"GOA",0,0.7,0,"Sebastes polyspinis","northern rockfish",85.169474047778,785.250272763202,0,-4.26873232366727,TRUE,1
"39",2013,"GOA",0,0.8,0,"Sebastes polyspinis","northern rockfish",85.169474047778,785.250272763202,0,-4.1901356846078,TRUE,1
"40",2013,"GOA",0,0.9,0,"Sebastes polyspinis","northern rockfish",85.169474047778,785.250272763202,0,-4.11340951506111,TRUE,1
"41",2013,"GOA",0,1,0,"Sebastes polyspinis","northern rockfish",85.169474047778,785.250272763202,0,-4.03855381502718,TRUE,1
"42",2013,"GOA",0,1.1,0,"Sebastes polyspinis","northern rockfish",85.169474047778,785.250272763202,0,-3.96556858450602,TRUE,1
"43",2013,"GOA",0,1.2,0,"Sebastes polyspinis","northern rockfish",85.169474047778,785.250272763202,0,-3.89445382349764,TRUE,1
"44",2013,"GOA",0,1.3,0,"Sebastes polyspinis","northern rockfish",85.169474047778,785.250272763202,0,-3.82520953200202,TRUE,1
"45",2013,"GOA",0,1.4,0,"Sebastes polyspinis","northern rockfish",85.169474047778,785.250272763202,0,-3.75783571001918,TRUE,1
"46",2013,"GOA",0,1.5,0,"Sebastes polyspinis","northern rockfish",85.169474047778,785.250272763202,0,-3.6923323575491,TRUE,1
"47",2013,"GOA",0,1.6,0,"Sebastes polyspinis","northern rockfish",85.169474047778,785.250272763202,0,-3.62869947459179,TRUE,1
"48",2013,"GOA",0,1.7,0,"Sebastes polyspinis","northern rockfish",85.169474047778,785.250272763202,0,-3.56693706114725,TRUE,1
"49",2013,"GOA",0,1.8,0,"Sebastes polyspinis","northern rockfish",85.169474047778,785.250272763202,0,-3.50704511721548,TRUE,1
"50",2013,"GOA",0,1.9,0,"Sebastes polyspinis","northern rockfish",85.169474047778,785.250272763202,0,-3.44902364279649,TRUE,1
"51",2013,"GOA",0,2,0,"Sebastes polyspinis","northern rockfish",85.169474047778,785.250272763202,0,-3.39287263789026,TRUE,1
"52",2013,"GOA",0,2.1,0,"Sebastes polyspinis","northern rockfish",85.169474047778,785.250272763202,0,-3.3385921024968,TRUE,1
"53",2013,"GOA",0,2.2,0,"Sebastes polyspinis","northern rockfish",85.169474047778,785.250272763202,0,-3.28618203661611,TRUE,1
"54",2013,"GOA",0,2.3,0,"Sebastes polyspinis","northern rockfish",85.169474047778,785.250272763202,0,-3.23564244024819,TRUE,1
"55",2013,"GOA",0,2.4,0,"Sebastes polyspinis","northern rockfish",85.169474047778,785.250272763202,0,-3.18697331339304,TRUE,1
"56",2013,"GOA",0,2.5,0,"Sebastes polyspinis","northern rockfish",85.169474047778,785.250272763202,0,-3.14017465605066,TRUE,1
"57",2013,"GOA",0,2.6,0,"Sebastes polyspinis","northern rockfish",85.169474047778,785.250272763202,0,-3.09524646822104,TRUE,1
"58",2013,"GOA",0,2.7,0,"Sebastes polyspinis","northern rockfish",85.169474047778,785.250272763202,0,-3.0521887499042,TRUE,1
"59",2013,"GOA",0,2.8,0,"Sebastes polyspinis","northern rockfish",85.169474047778,785.250272763202,0,-3.01100150110013,TRUE,1
"60",2013,"GOA",0,2.9,0,"Sebastes polyspinis","northern rockfish",85.169474047778,785.250272763202,0,-2.97168472180883,TRUE,1
"61",2013,"GOA",0,3,0,"Sebastes polyspinis","northern rockfish",85.169474047778,785.250272763202,0,-2.9342384120303,TRUE,1
"62",2013,"GOA",0,-3,122.438478157099,"Sebastes polyspinis","southern rock sole",85.169474047778,785.250272763202,1,-6.40788105157252,TRUE,2
"63",2013,"GOA",0,-2.9,79.6655780660482,"Sebastes polyspinis","southern rock sole",85.169474047778,785.250272763202,1,-6.3348686982889,TRUE,2
"64",2013,"GOA",0,-2.8,256.244495319145,"Sebastes polyspinis","southern rock sole",85.169474047778,785.250272763202,1,-6.26259902494017,TRUE,2
"65",2013,"GOA",0,-2.7,209.34485726138,"Sebastes polyspinis","southern rock sole",85.169474047778,785.250272763202,1,-6.19107203152634,TRUE,2
"66",2013,"GOA",0,-2.6,0,"Sebastes polyspinis","southern rock sole",85.169474047778,785.250272763202,0,-6.1202877180474,TRUE,2
"67",2013,"GOA",0,-2.5,0,"Sebastes polyspinis","southern rock sole",85.169474047778,785.250272763202,0,-6.05024608450335,TRUE,2
"68",2013,"GOA",0,-2.4,37.2786362542892,"Sebastes polyspinis","southern rock sole",85.169474047778,785.250272763202,1,-5.9809471308942,TRUE,2
"69",2013,"GOA",0,-2.3,0,"Sebastes polyspinis","southern rock sole",85.169474047778,785.250272763202,0,-5.91239085721994,TRUE,2
"70",2013,"GOA",0,-2.2,0,"Sebastes polyspinis","southern rock sole",85.169474047778,785.250272763202,0,-5.84457726348058,TRUE,2
"71",2013,"GOA",0,-2.1,0,"Sebastes polyspinis","southern rock sole",85.169474047778,785.250272763202,0,-5.77750634967611,TRUE,2
"72",2013,"GOA",0,-2,0,"Sebastes polyspinis","southern rock sole",85.169474047778,785.250272763202,0,-5.71117811580653,TRUE,2
"73",2013,"GOA",0,-1.9,0,"Sebastes polyspinis","southern rock sole",85.169474047778,785.250272763202,0,-5.64559256187185,TRUE,2
"74",2013,"GOA",0,-1.8,0,"Sebastes polyspinis","southern rock sole",85.169474047778,785.250272763202,0,-5.58074968787207,TRUE,2
"75",2013,"GOA",0,-1.7,0,"Sebastes polyspinis","southern rock sole",85.169474047778,785.250272763202,0,-5.51664949380717,TRUE,2
"76",2013,"GOA",0,-1.6,0,"Sebastes polyspinis","southern rock sole",85.169474047778,785.250272763202,0,-5.45329197967718,TRUE,2
"77",2013,"GOA",0,-1.5,0,"Sebastes polyspinis","southern rock sole",85.169474047778,785.250272763202,0,-5.39067714548207,TRUE,2
"78",2013,"GOA",0,-1.4,0,"Sebastes polyspinis","southern rock sole",85.169474047778,785.250272763202,0,-5.32880499122186,TRUE,2
"79",2013,"GOA",0,-1.3,0,"Sebastes polyspinis","southern rock sole",85.169474047778,785.250272763202,0,-5.26767551689655,TRUE,2
"80",2013,"GOA",0,-1.2,0,"Sebastes polyspinis","southern rock sole",85.169474047778,785.250272763202,0,-5.20728872250613,TRUE,2
"81",2013,"GOA",0,-1.1,0,"Sebastes polyspinis","southern rock sole",85.169474047778,785.250272763202,0,-5.1476446080506,TRUE,2
"82",2013,"GOA",0,-1,0,"Sebastes polyspinis","southern rock sole",85.169474047778,785.250272763202,0,-5.08874317352997,TRUE,2
"83",2013,"GOA",0,-0.9,0,"Sebastes polyspinis","southern rock sole",85.169474047778,785.250272763202,0,-5.03058441894423,TRUE,2
"84",2013,"GOA",0,-0.8,0,"Sebastes polyspinis","southern rock sole",85.169474047778,785.250272763202,0,-4.97316834429339,TRUE,2
"85",2013,"GOA",0,-0.7,0,"Sebastes polyspinis","southern rock sole",85.169474047778,785.250272763202,0,-4.91649494957744,TRUE,2
"86",2013,"GOA",0,-0.6,0,"Sebastes polyspinis","southern rock sole",85.169474047778,785.250272763202,0,-4.86056423479638,TRUE,2
"87",2013,"GOA",0,-0.5,0,"Sebastes polyspinis","southern rock sole",85.169474047778,785.250272763202,0,-4.80537619995022,TRUE,2
"88",2013,"GOA",0,-0.4,0,"Sebastes polyspinis","southern rock sole",85.169474047778,785.250272763202,0,-4.75093084503895,TRUE,2
"89",2013,"GOA",0,-0.3,0,"Sebastes polyspinis","southern rock sole",85.169474047778,785.250272763202,0,-4.69722817006258,TRUE,2
"90",2013,"GOA",0,-0.2,0,"Sebastes polyspinis","southern rock sole",85.169474047778,785.250272763202,0,-4.6442681750211,TRUE,2
"91",2013,"GOA",0,-0.0999999999999996,0,"Sebastes polyspinis","southern rock sole",85.169474047778,785.250272763202,0,-4.59205085991452,TRUE,2
"92",2013,"GOA",0,0,0,"Sebastes polyspinis","southern rock sole",85.169474047778,785.250272763202,0,-4.54057622474283,TRUE,2
"93",2013,"GOA",0,0.1,0,"Sebastes polyspinis","southern rock sole",85.169474047778,785.250272763202,0,-4.48984426950603,TRUE,2
"94",2013,"GOA",0,0.2,0,"Sebastes polyspinis","southern rock sole",85.169474047778,785.250272763202,0,-4.43985499420413,TRUE,2
"95",2013,"GOA",0,0.3,0,"Sebastes polyspinis","southern rock sole",85.169474047778,785.250272763202,0,-4.39060839883713,TRUE,2
"96",2013,"GOA",0,0.4,0,"Sebastes polyspinis","southern rock sole",85.169474047778,785.250272763202,0,-4.34210448340501,TRUE,2
"97",2013,"GOA",0,0.5,0,"Sebastes polyspinis","southern rock sole",85.169474047778,785.250272763202,0,-4.2943432479078,TRUE,2
"98",2013,"GOA",0,0.6,0,"Sebastes polyspinis","southern rock sole",85.169474047778,785.250272763202,0,-4.24732469234547,TRUE,2
"99",2013,"GOA",0,0.7,0,"Sebastes polyspinis","southern rock sole",85.169474047778,785.250272763202,0,-4.20104881671804,TRUE,2
"100",2013,"GOA",0,0.8,0,"Sebastes polyspinis","southern rock sole",85.169474047778,785.250272763202,0,-4.15551562102551,TRUE,2
"101",2013,"GOA",0,0.9,0,"Sebastes polyspinis","southern rock sole",85.169474047778,785.250272763202,0,-4.11072510526787,TRUE,2
"102",2013,"GOA",0,1,0,"Sebastes polyspinis","southern rock sole",85.169474047778,785.250272763202,0,-4.06667726944512,TRUE,2
"103",2013,"GOA",0,1.1,0,"Sebastes polyspinis","southern rock sole",85.169474047778,785.250272763202,0,-4.02337211355727,TRUE,2
"104",2013,"GOA",0,1.2,0,"Sebastes polyspinis","southern rock sole",85.169474047778,785.250272763202,0,-3.98080963760431,TRUE,2
"105",2013,"GOA",0,1.3,0,"Sebastes polyspinis","southern rock sole",85.169474047778,785.250272763202,0,-3.93898984158625,TRUE,2
"106",2013,"GOA",0,1.4,0,"Sebastes polyspinis","southern rock sole",85.169474047778,785.250272763202,0,-3.89791272550308,TRUE,2
"107",2013,"GOA",0,1.5,0,"Sebastes polyspinis","southern rock sole",85.169474047778,785.250272763202,0,-3.8575782893548,TRUE,2
"108",2013,"GOA",0,1.6,0,"Sebastes polyspinis","southern rock sole",85.169474047778,785.250272763202,0,-3.81798653314142,TRUE,2
"109",2013,"GOA",0,1.7,0,"Sebastes polyspinis","southern rock sole",85.169474047778,785.250272763202,0,-3.77913745686293,TRUE,2
"110",2013,"GOA",0,1.8,0,"Sebastes polyspinis","southern rock sole",85.169474047778,785.250272763202,0,-3.74103106051934,TRUE,2
"111",2013,"GOA",0,1.9,0,"Sebastes polyspinis","southern rock sole",85.169474047778,785.250272763202,0,-3.70366734411064,TRUE,2
"112",2013,"GOA",0,2,0,"Sebastes polyspinis","southern rock sole",85.169474047778,785.250272763202,0,-3.66704630763684,TRUE,2
"113",2013,"GOA",0,2.1,0,"Sebastes polyspinis","southern rock sole",85.169474047778,785.250272763202,0,-3.63116795109793,TRUE,2
"114",2013,"GOA",0,2.2,0,"Sebastes polyspinis","southern rock sole",85.169474047778,785.250272763202,0,-3.59603227449391,TRUE,2
"115",2013,"GOA",0,2.3,0,"Sebastes polyspinis","southern rock sole",85.169474047778,785.250272763202,0,-3.56163927782479,TRUE,2
"116",2013,"GOA",0,2.4,0,"Sebastes polyspinis","southern rock sole",85.169474047778,785.250272763202,0,-3.52798896109056,TRUE,2
"117",2013,"GOA",0,2.5,0,"Sebastes polyspinis","southern rock sole",85.169474047778,785.250272763202,0,-3.49508132429123,TRUE,2
"118",2013,"GOA",0,2.6,0,"Sebastes polyspinis","southern rock sole",85.169474047778,785.250272763202,0,-3.46291636742679,TRUE,2
"119",2013,"GOA",0,2.7,0,"Sebastes polyspinis","southern rock sole",85.169474047778,785.250272763202,0,-3.43149409049725,TRUE,2
"120",2013,"GOA",0,2.8,0,"Sebastes polyspinis","southern rock sole",85.169474047778,785.250272763202,0,-3.4008144935026,TRUE,2
"121",2013,"GOA",0,2.9,0,"Sebastes polyspinis","southern rock sole",85.169474047778,785.250272763202,0,-3.37087757644284,TRUE,2
"122",2013,"GOA",0,3,0,"Sebastes polyspinis","southern rock sole",85.169474047778,785.250272763202,0,-3.34168333931798,TRUE,2
"123",2013,"GOA",0,-3,122.438478157099,"Sebastes polyspinis","northern rock sole",85.169474047778,785.250272763202,1,-4.51770325774591,TRUE,3
"124",2013,"GOA",0,-2.9,79.6655780660482,"Sebastes polyspinis","northern rock sole",85.169474047778,785.250272763202,1,-4.50707372653044,TRUE,3
"125",2013,"GOA",0,-2.8,256.244495319145,"Sebastes polyspinis","northern rock sole",85.169474047778,785.250272763202,1,-4.49640749533247,TRUE,3
"126",2013,"GOA",0,-2.7,209.34485726138,"Sebastes polyspinis","northern rock sole",85.169474047778,785.250272763202,1,-4.48570456415199,TRUE,3
"127",2013,"GOA",0,-2.6,0,"Sebastes polyspinis","northern rock sole",85.169474047778,785.250272763202,0,-4.47496493298899,TRUE,3
"128",2013,"GOA",0,-2.5,0,"Sebastes polyspinis","northern rock sole",85.169474047778,785.250272763202,0,-4.46418860184349,TRUE,3
"129",2013,"GOA",0,-2.4,37.2786362542892,"Sebastes polyspinis","northern rock sole",85.169474047778,785.250272763202,1,-4.45337557071548,TRUE,3
"130",2013,"GOA",0,-2.3,0,"Sebastes polyspinis","northern rock sole",85.169474047778,785.250272763202,0,-4.44252583960496,TRUE,3
"131",2013,"GOA",0,-2.2,0,"Sebastes polyspinis","northern rock sole",85.169474047778,785.250272763202,0,-4.43163940851193,TRUE,3
"132",2013,"GOA",0,-2.1,0,"Sebastes polyspinis","northern rock sole",85.169474047778,785.250272763202,0,-4.42071627743638,TRUE,3
"133",2013,"GOA",0,-2,0,"Sebastes polyspinis","northern rock sole",85.169474047778,785.250272763202,0,-4.40975644637833,TRUE,3
"134",2013,"GOA",0,-1.9,0,"Sebastes polyspinis","northern rock sole",85.169474047778,785.250272763202,0,-4.39875991533778,TRUE,3
"135",2013,"GOA",0,-1.8,0,"Sebastes polyspinis","northern rock sole",85.169474047778,785.250272763202,0,-4.38772668431471,TRUE,3
"136",2013,"GOA",0,-1.7,0,"Sebastes polyspinis","northern rock sole",85.169474047778,785.250272763202,0,-4.37665675330913,TRUE,3
"137",2013,"GOA",0,-1.6,0,"Sebastes polyspinis","northern rock sole",85.169474047778,785.250272763202,0,-4.36555012232104,TRUE,3
"138",2013,"GOA",0,-1.5,0,"Sebastes polyspinis","northern rock sole",85.169474047778,785.250272763202,0,-4.35440679135044,TRUE,3
"139",2013,"GOA",0,-1.4,0,"Sebastes polyspinis","northern rock sole",85.169474047778,785.250272763202,0,-4.34322676039734,TRUE,3
"140",2013,"GOA",0,-1.3,0,"Sebastes polyspinis","northern rock sole",85.169474047778,785.250272763202,0,-4.33201002946172,TRUE,3
"141",2013,"GOA",0,-1.2,0,"Sebastes polyspinis","northern rock sole",85.169474047778,785.250272763202,0,-4.3207565985436,TRUE,3
"142",2013,"GOA",0,-1.1,0,"Sebastes polyspinis","northern rock sole",85.169474047778,785.250272763202,0,-4.30946646764296,TRUE,3
"143",2013,"GOA",0,-1,0,"Sebastes polyspinis","northern rock sole",85.169474047778,785.250272763202,0,-4.29813963675982,TRUE,3
"144",2013,"GOA",0,-0.9,0,"Sebastes polyspinis","northern rock sole",85.169474047778,785.250272763202,0,-4.28677610589416,TRUE,3
"145",2013,"GOA",0,-0.8,0,"Sebastes polyspinis","northern rock sole",85.169474047778,785.250272763202,0,-4.275375875046,TRUE,3
"146",2013,"GOA",0,-0.7,0,"Sebastes polyspinis","northern rock sole",85.169474047778,785.250272763202,0,-4.26393894421533,TRUE,3
"147",2013,"GOA",0,-0.6,0,"Sebastes polyspinis","northern rock sole",85.169474047778,785.250272763202,0,-4.25246531340215,TRUE,3
"148",2013,"GOA",0,-0.5,0,"Sebastes polyspinis","northern rock sole",85.169474047778,785.250272763202,0,-4.24095498260645,TRUE,3
"149",2013,"GOA",0,-0.4,0,"Sebastes polyspinis","northern rock sole",85.169474047778,785.250272763202,0,-4.22940795182825,TRUE,3
"150",2013,"GOA",0,-0.3,0,"Sebastes polyspinis","northern rock sole",85.169474047778,785.250272763202,0,-4.21782422106754,TRUE,3
"151",2013,"GOA",0,-0.2,0,"Sebastes polyspinis","northern rock sole",85.169474047778,785.250272763202,0,-4.20620379032432,TRUE,3
"152",2013,"GOA",0,-0.0999999999999996,0,"Sebastes polyspinis","northern rock sole",85.169474047778,785.250272763202,0,-4.19454665959859,TRUE,3
"153",2013,"GOA",0,0,0,"Sebastes polyspinis","northern rock sole",85.169474047778,785.250272763202,0,-4.18285282889036,TRUE,3
"154",2013,"GOA",0,0.1,0,"Sebastes polyspinis","northern rock sole",85.169474047778,785.250272763202,0,-4.17112229819961,TRUE,3
"155",2013,"GOA",0,0.2,0,"Sebastes polyspinis","northern rock sole",85.169474047778,785.250272763202,0,-4.15935506752635,TRUE,3
"156",2013,"GOA",0,0.3,0,"Sebastes polyspinis","northern rock sole",85.169474047778,785.250272763202,0,-4.14755113687058,TRUE,3
"157",2013,"GOA",0,0.4,0,"Sebastes polyspinis","northern rock sole",85.169474047778,785.250272763202,0,-4.13571050623231,TRUE,3
"158",2013,"GOA",0,0.5,0,"Sebastes polyspinis","northern rock sole",85.169474047778,785.250272763202,0,-4.12383317561152,TRUE,3
"159",2013,"GOA",0,0.6,0,"Sebastes polyspinis","northern rock sole",85.169474047778,785.250272763202,0,-4.11191914500823,TRUE,3
"160",2013,"GOA",0,0.7,0,"Sebastes polyspinis","northern rock sole",85.169474047778,785.250272763202,0,-4.09996841442242,TRUE,3
"161",2013,"GOA",0,0.8,0,"Sebastes polyspinis","northern rock sole",85.169474047778,785.250272763202,0,-4.08798098385411,TRUE,3
"162",2013,"GOA",0,0.9,0,"Sebastes polyspinis","northern rock sole",85.169474047778,785.250272763202,0,-4.07595685330328,TRUE,3
"163",2013,"GOA",0,1,0,"Sebastes polyspinis","northern rock sole",85.169474047778,785.250272763202,0,-4.06389602276995,TRUE,3
"164",2013,"GOA",0,1.1,0,"Sebastes polyspinis","northern rock sole",85.169474047778,785.250272763202,0,-4.05179849225411,TRUE,3
"165",2013,"GOA",0,1.2,0,"Sebastes polyspinis","northern rock sole",85.169474047778,785.250272763202,0,-4.03966426175576,TRUE,3
"166",2013,"GOA",0,1.3,0,"Sebastes polyspinis","northern rock sole",85.169474047778,785.250272763202,0,-4.0274933312749,TRUE,3
"167",2013,"GOA",0,1.4,0,"Sebastes polyspinis","northern rock sole",85.169474047778,785.250272763202,0,-4.01528570081153,TRUE,3
"168",2013,"GOA",0,1.5,0,"Sebastes polyspinis","northern rock sole",85.169474047778,785.250272763202,0,-4.00304137036565,TRUE,3
"169",2013,"GOA",0,1.6,0,"Sebastes polyspinis","northern rock sole",85.169474047778,785.250272763202,0,-3.99076033993726,TRUE,3
"170",2013,"GOA",0,1.7,0,"Sebastes polyspinis","northern rock sole",85.169474047778,785.250272763202,0,-3.97844260952636,TRUE,3
"171",2013,"GOA",0,1.8,0,"Sebastes polyspinis","northern rock sole",85.169474047778,785.250272763202,0,-3.96608817913295,TRUE,3
"172",2013,"GOA",0,1.9,0,"Sebastes polyspinis","northern rock sole",85.169474047778,785.250272763202,0,-3.95369704875703,TRUE,3
"173",2013,"GOA",0,2,0,"Sebastes polyspinis","northern rock sole",85.169474047778,785.250272763202,0,-3.9412692183986,TRUE,3
"174",2013,"GOA",0,2.1,0,"Sebastes polyspinis","northern rock sole",85.169474047778,785.250272763202,0,-3.92880468805767,TRUE,3
"175",2013,"GOA",0,2.2,0,"Sebastes polyspinis","northern rock sole",85.169474047778,785.250272763202,0,-3.91630345773422,TRUE,3
"176",2013,"GOA",0,2.3,0,"Sebastes polyspinis","northern rock sole",85.169474047778,785.250272763202,0,-3.90376552742827,TRUE,3
"177",2013,"GOA",0,2.4,0,"Sebastes polyspinis","northern rock sole",85.169474047778,785.250272763202,0,-3.8911908971398,TRUE,3
"178",2013,"GOA",0,2.5,0,"Sebastes polyspinis","northern rock sole",85.169474047778,785.250272763202,0,-3.87857956686883,TRUE,3
"179",2013,"GOA",0,2.6,0,"Sebastes polyspinis","northern rock sole",85.169474047778,785.250272763202,0,-3.86593153661534,TRUE,3
"180",2013,"GOA",0,2.7,0,"Sebastes polyspinis","northern rock sole",85.169474047778,785.250272763202,0,-3.85324680637935,TRUE,3
"181",2013,"GOA",0,2.8,0,"Sebastes polyspinis","northern rock sole",85.169474047778,785.250272763202,0,-3.84052537616085,TRUE,3
"182",2013,"GOA",0,2.9,0,"Sebastes polyspinis","northern rock sole",85.169474047778,785.250272763202,0,-3.82776724595983,TRUE,3
"183",2013,"GOA",0,3,0,"Sebastes polyspinis","northern rock sole",85.169474047778,785.250272763202,0,-3.81497241577631,TRUE,3
"184",2013,"GOA",0,-3,122.438478157099,"Sebastes polyspinis","spinyhead sculpin",85.169474047778,785.250272763202,1,-2.27814942460887,TRUE,4
"185",2013,"GOA",0,-2.9,79.6655780660482,"Sebastes polyspinis","spinyhead sculpin",85.169474047778,785.250272763202,1,-2.28693677573122,TRUE,4
"186",2013,"GOA",0,-2.8,256.244495319145,"Sebastes polyspinis","spinyhead sculpin",85.169474047778,785.250272763202,1,-2.29561930572798,TRUE,4
"187",2013,"GOA",0,-2.7,209.34485726138,"Sebastes polyspinis","spinyhead sculpin",85.169474047778,785.250272763202,1,-2.30419701459914,TRUE,4
"188",2013,"GOA",0,-2.6,0,"Sebastes polyspinis","spinyhead sculpin",85.169474047778,785.250272763202,0,-2.3126699023447,TRUE,4
"189",2013,"GOA",0,-2.5,0,"Sebastes polyspinis","spinyhead sculpin",85.169474047778,785.250272763202,0,-2.32103796896467,TRUE,4
"190",2013,"GOA",0,-2.4,37.2786362542892,"Sebastes polyspinis","spinyhead sculpin",85.169474047778,785.250272763202,1,-2.32930121445905,TRUE,4
"191",2013,"GOA",0,-2.3,0,"Sebastes polyspinis","spinyhead sculpin",85.169474047778,785.250272763202,0,-2.33745963882783,TRUE,4
"192",2013,"GOA",0,-2.2,0,"Sebastes polyspinis","spinyhead sculpin",85.169474047778,785.250272763202,0,-2.34551324207102,TRUE,4
"193",2013,"GOA",0,-2.1,0,"Sebastes polyspinis","spinyhead sculpin",85.169474047778,785.250272763202,0,-2.35346202418861,TRUE,4
"194",2013,"GOA",0,-2,0,"Sebastes polyspinis","spinyhead sculpin",85.169474047778,785.250272763202,0,-2.36130598518061,TRUE,4
"195",2013,"GOA",0,-1.9,0,"Sebastes polyspinis","spinyhead sculpin",85.169474047778,785.250272763202,0,-2.36904512504701,TRUE,4
"196",2013,"GOA",0,-1.8,0,"Sebastes polyspinis","spinyhead sculpin",85.169474047778,785.250272763202,0,-2.37667944378782,TRUE,4
"197",2013,"GOA",0,-1.7,0,"Sebastes polyspinis","spinyhead sculpin",85.169474047778,785.250272763202,0,-2.38420894140303,TRUE,4
"198",2013,"GOA",0,-1.6,0,"Sebastes polyspinis","spinyhead sculpin",85.169474047778,785.250272763202,0,-2.39163361789265,TRUE,4
"199",2013,"GOA",0,-1.5,0,"Sebastes polyspinis","spinyhead sculpin",85.169474047778,785.250272763202,0,-2.39895347325667,TRUE,4
"200",2013,"GOA",0,-1.4,0,"Sebastes polyspinis","spinyhead sculpin",85.169474047778,785.250272763202,0,-2.4061685074951,TRUE,4
"201",2013,"GOA",0,-1.3,0,"Sebastes polyspinis","spinyhead sculpin",85.169474047778,785.250272763202,0,-2.41327872060794,TRUE,4
"202",2013,"GOA",0,-1.2,0,"Sebastes polyspinis","spinyhead sculpin",85.169474047778,785.250272763202,0,-2.42028411259518,TRUE,4
"203",2013,"GOA",0,-1.1,0,"Sebastes polyspinis","spinyhead sculpin",85.169474047778,785.250272763202,0,-2.42718468345682,TRUE,4
"204",2013,"GOA",0,-1,0,"Sebastes polyspinis","spinyhead sculpin",85.169474047778,785.250272763202,0,-2.43398043319288,TRUE,4
"205",2013,"GOA",0,-0.9,0,"Sebastes polyspinis","spinyhead sculpin",85.169474047778,785.250272763202,0,-2.44067136180333,TRUE,4
"206",2013,"GOA",0,-0.8,0,"Sebastes polyspinis","spinyhead sculpin",85.169474047778,785.250272763202,0,-2.44725746928819,TRUE,4
"207",2013,"GOA",0,-0.7,0,"Sebastes polyspinis","spinyhead sculpin",85.169474047778,785.250272763202,0,-2.45373875564746,TRUE,4
"208",2013,"GOA",0,-0.6,0,"Sebastes polyspinis","spinyhead sculpin",85.169474047778,785.250272763202,0,-2.46011522088113,TRUE,4
"209",2013,"GOA",0,-0.5,0,"Sebastes polyspinis","spinyhead sculpin",85.169474047778,785.250272763202,0,-2.46638686498921,TRUE,4
"210",2013,"GOA",0,-0.4,0,"Sebastes polyspinis","spinyhead sculpin",85.169474047778,785.250272763202,0,-2.47255368797169,TRUE,4
"211",2013,"GOA",0,-0.3,0,"Sebastes polyspinis","spinyhead sculpin",85.169474047778,785.250272763202,0,-2.47861568982858,TRUE,4
"212",2013,"GOA",0,-0.2,0,"Sebastes polyspinis","spinyhead sculpin",85.169474047778,785.250272763202,0,-2.48457287055987,TRUE,4
"213",2013,"GOA",0,-0.0999999999999996,0,"Sebastes polyspinis","spinyhead sculpin",85.169474047778,785.250272763202,0,-2.49042523016557,TRUE,4
"214",2013,"GOA",0,0,0,"Sebastes polyspinis","spinyhead sculpin",85.169474047778,785.250272763202,0,-2.49617276864568,TRUE,4
"215",2013,"GOA",0,0.1,0,"Sebastes polyspinis","spinyhead sculpin",85.169474047778,785.250272763202,0,-2.50181548600019,TRUE,4
"216",2013,"GOA",0,0.2,0,"Sebastes polyspinis","spinyhead sculpin",85.169474047778,785.250272763202,0,-2.5073533822291,TRUE,4
"217",2013,"GOA",0,0.3,0,"Sebastes polyspinis","spinyhead sculpin",85.169474047778,785.250272763202,0,-2.51278645733242,TRUE,4
"218",2013,"GOA",0,0.4,0,"Sebastes polyspinis","spinyhead sculpin",85.169474047778,785.250272763202,0,-2.51811471131015,TRUE,4
"219",2013,"GOA",0,0.5,0,"Sebastes polyspinis","spinyhead sculpin",85.169474047778,785.250272763202,0,-2.52333814416228,TRUE,4
"220",2013,"GOA",0,0.6,0,"Sebastes polyspinis","spinyhead sculpin",85.169474047778,785.250272763202,0,-2.52845675588881,TRUE,4
"221",2013,"GOA",0,0.7,0,"Sebastes polyspinis","spinyhead sculpin",85.169474047778,785.250272763202,0,-2.53347054648975,TRUE,4
"222",2013,"GOA",0,0.8,0,"Sebastes polyspinis","spinyhead sculpin",85.169474047778,785.250272763202,0,-2.5383795159651,TRUE,4
"223",2013,"GOA",0,0.9,0,"Sebastes polyspinis","spinyhead sculpin",85.169474047778,785.250272763202,0,-2.54318366431485,TRUE,4
"224",2013,"GOA",0,1,0,"Sebastes polyspinis","spinyhead sculpin",85.169474047778,785.250272763202,0,-2.54788299153901,TRUE,4
"225",2013,"GOA",0,1.1,0,"Sebastes polyspinis","spinyhead sculpin",85.169474047778,785.250272763202,0,-2.55247749763757,TRUE,4
"226",2013,"GOA",0,1.2,0,"Sebastes polyspinis","spinyhead sculpin",85.169474047778,785.250272763202,0,-2.55696718261054,TRUE,4
"227",2013,"GOA",0,1.3,0,"Sebastes polyspinis","spinyhead sculpin",85.169474047778,785.250272763202,0,-2.56135204645792,TRUE,4
"228",2013,"GOA",0,1.4,0,"Sebastes polyspinis","spinyhead sculpin",85.169474047778,785.250272763202,0,-2.56563208917969,TRUE,4
"229",2013,"GOA",0,1.5,0,"Sebastes polyspinis","spinyhead sculpin",85.169474047778,785.250272763202,0,-2.56980731077588,TRUE,4
"230",2013,"GOA",0,1.6,0,"Sebastes polyspinis","spinyhead sculpin",85.169474047778,785.250272763202,0,-2.57387771124647,TRUE,4
"231",2013,"GOA",0,1.7,0,"Sebastes polyspinis","spinyhead sculpin",85.169474047778,785.250272763202,0,-2.57784329059146,TRUE,4
"232",2013,"GOA",0,1.8,0,"Sebastes polyspinis","spinyhead sculpin",85.169474047778,785.250272763202,0,-2.58170404881086,TRUE,4
"233",2013,"GOA",0,1.9,0,"Sebastes polyspinis","spinyhead sculpin",85.169474047778,785.250272763202,0,-2.58545998590467,TRUE,4
"234",2013,"GOA",0,2,0,"Sebastes polyspinis","spinyhead sculpin",85.169474047778,785.250272763202,0,-2.58911110187288,TRUE,4
"235",2013,"GOA",0,2.1,0,"Sebastes polyspinis","spinyhead sculpin",85.169474047778,785.250272763202,0,-2.59265739671549,TRUE,4
"236",2013,"GOA",0,2.2,0,"Sebastes polyspinis","spinyhead sculpin",85.169474047778,785.250272763202,0,-2.59609887043252,TRUE,4
"237",2013,"GOA",0,2.3,0,"Sebastes polyspinis","spinyhead sculpin",85.169474047778,785.250272763202,0,-2.59943552302394,TRUE,4
"238",2013,"GOA",0,2.4,0,"Sebastes polyspinis","spinyhead sculpin",85.169474047778,785.250272763202,0,-2.60266735448977,TRUE,4
"239",2013,"GOA",0,2.5,0,"Sebastes polyspinis","spinyhead sculpin",85.169474047778,785.250272763202,0,-2.60579436483001,TRUE,4
"240",2013,"GOA",0,2.6,0,"Sebastes polyspinis","spinyhead sculpin",85.169474047778,785.250272763202,0,-2.60881655404466,TRUE,4
"241",2013,"GOA",0,2.7,0,"Sebastes polyspinis","spinyhead sculpin",85.169474047778,785.250272763202,0,-2.6117339221337,TRUE,4
"242",2013,"GOA",0,2.8,0,"Sebastes polyspinis","spinyhead sculpin",85.169474047778,785.250272763202,0,-2.61454646909716,TRUE,4
"243",2013,"GOA",0,2.9,0,"Sebastes polyspinis","spinyhead sculpin",85.169474047778,785.250272763202,0,-2.61725419493502,TRUE,4
"244",2013,"GOA",0,3,0,"Sebastes polyspinis","spinyhead sculpin",85.169474047778,785.250272763202,0,-2.61985709964728,TRUE,4
"245",2013,"GOA",0,-3,122.438478157099,"Sebastes polyspinis","longnose skate",85.169474047778,785.250272763202,1,-10.2000203839797,TRUE,5
"246",2013,"GOA",0,-2.9,79.6655780660482,"Sebastes polyspinis","longnose skate",85.169474047778,785.250272763202,1,-10.0245863651257,TRUE,5
"247",2013,"GOA",0,-2.8,256.244495319145,"Sebastes polyspinis","longnose skate",85.169474047778,785.250272763202,1,-9.85077119846028,TRUE,5
"248",2013,"GOA",0,-2.7,209.34485726138,"Sebastes polyspinis","longnose skate",85.169474047778,785.250272763202,1,-9.67857488398334,TRUE,5
"249",2013,"GOA",0,-2.6,0,"Sebastes polyspinis","longnose skate",85.169474047778,785.250272763202,0,-9.5079974216949,TRUE,5
"250",2013,"GOA",0,-2.5,0,"Sebastes polyspinis","longnose skate",85.169474047778,785.250272763202,0,-9.33903881159497,TRUE,5
"251",2013,"GOA",0,-2.4,37.2786362542892,"Sebastes polyspinis","longnose skate",85.169474047778,785.250272763202,1,-9.17169905368355,TRUE,5
"252",2013,"GOA",0,-2.3,0,"Sebastes polyspinis","longnose skate",85.169474047778,785.250272763202,0,-9.00597814796064,TRUE,5
"253",2013,"GOA",0,-2.2,0,"Sebastes polyspinis","longnose skate",85.169474047778,785.250272763202,0,-8.84187609442623,TRUE,5
"254",2013,"GOA",0,-2.1,0,"Sebastes polyspinis","longnose skate",85.169474047778,785.250272763202,0,-8.67939289308033,TRUE,5
"255",2013,"GOA",0,-2,0,"Sebastes polyspinis","longnose skate",85.169474047778,785.250272763202,0,-8.51852854392294,TRUE,5
"256",2013,"GOA",0,-1.9,0,"Sebastes polyspinis","longnose skate",85.169474047778,785.250272763202,0,-8.35928304695405,TRUE,5
"257",2013,"GOA",0,-1.8,0,"Sebastes polyspinis","longnose skate",85.169474047778,785.250272763202,0,-8.20165640217366,TRUE,5
"258",2013,"GOA",0,-1.7,0,"Sebastes polyspinis","longnose skate",85.169474047778,785.250272763202,0,-8.04564860958179,TRUE,5
"259",2013,"GOA",0,-1.6,0,"Sebastes polyspinis","longnose skate",85.169474047778,785.250272763202,0,-7.89125966917842,TRUE,5
"260",2013,"GOA",0,-1.5,0,"Sebastes polyspinis","longnose skate",85.169474047778,785.250272763202,0,-7.73848958096356,TRUE,5
"261",2013,"GOA",0,-1.4,0,"Sebastes polyspinis","longnose skate",85.169474047778,785.250272763202,0,-7.5873383449372,TRUE,5
"262",2013,"GOA",0,-1.3,0,"Sebastes polyspinis","longnose skate",85.169474047778,785.250272763202,0,-7.43780596109935,TRUE,5
"263",2013,"GOA",0,-1.2,0,"Sebastes polyspinis","longnose skate",85.169474047778,785.250272763202,0,-7.28989242945001,TRUE,5
"264",2013,"GOA",0,-1.1,0,"Sebastes polyspinis","longnose skate",85.169474047778,785.250272763202,0,-7.14359774998917,TRUE,5
"265",2013,"GOA",0,-1,0,"Sebastes polyspinis","longnose skate",85.169474047778,785.250272763202,0,-6.99892192271684,TRUE,5
"266",2013,"GOA",0,-0.9,0,"Sebastes polyspinis","longnose skate",85.169474047778,785.250272763202,0,-6.85586494763302,TRUE,5
"267",2013,"GOA",0,-0.8,0,"Sebastes polyspinis","longnose skate",85.169474047778,785.250272763202,0,-6.7144268247377,TRUE,5
"268",2013,"GOA",0,-0.7,0,"Sebastes polyspinis","longnose skate",85.169474047778,785.250272763202,0,-6.57460755403089,TRUE,5
"269",2013,"GOA",0,-0.6,0,"Sebastes polyspinis","longnose skate",85.169474047778,785.250272763202,0,-6.43640713551258,TRUE,5
"270",2013,"GOA",0,-0.5,0,"Sebastes polyspinis","longnose skate",85.169474047778,785.250272763202,0,-6.29982556918278,TRUE,5
"271",2013,"GOA",0,-0.4,0,"Sebastes polyspinis","longnose skate",85.169474047778,785.250272763202,0,-6.16486285504149,TRUE,5
"272",2013,"GOA",0,-0.3,0,"Sebastes polyspinis","longnose skate",85.169474047778,785.250272763202,0,-6.03151899308871,TRUE,5
"273",2013,"GOA",0,-0.2,0,"Sebastes polyspinis","longnose skate",85.169474047778,785.250272763202,0,-5.89979398332443,TRUE,5
"274",2013,"GOA",0,-0.0999999999999996,0,"Sebastes polyspinis","longnose skate",85.169474047778,785.250272763202,0,-5.76968782574866,TRUE,5
"275",2013,"GOA",0,0,0,"Sebastes polyspinis","longnose skate",85.169474047778,785.250272763202,0,-5.64120052036139,TRUE,5
"276",2013,"GOA",0,0.1,0,"Sebastes polyspinis","longnose skate",85.169474047778,785.250272763202,0,-5.51433206716263,TRUE,5
"277",2013,"GOA",0,0.2,0,"Sebastes polyspinis","longnose skate",85.169474047778,785.250272763202,0,-5.38908246615238,TRUE,5
"278",2013,"GOA",0,0.3,0,"Sebastes polyspinis","longnose skate",85.169474047778,785.250272763202,0,-5.26545171733063,TRUE,5
"279",2013,"GOA",0,0.4,0,"Sebastes polyspinis","longnose skate",85.169474047778,785.250272763202,0,-5.14343982069739,TRUE,5
"280",2013,"GOA",0,0.5,0,"Sebastes polyspinis","longnose skate",85.169474047778,785.250272763202,0,-5.02304677625266,TRUE,5
"281",2013,"GOA",0,0.6,0,"Sebastes polyspinis","longnose skate",85.169474047778,785.250272763202,0,-4.90427258399643,TRUE,5
"282",2013,"GOA",0,0.7,0,"Sebastes polyspinis","longnose skate",85.169474047778,785.250272763202,0,-4.78711724392871,TRUE,5
"283",2013,"GOA",0,0.8,0,"Sebastes polyspinis","longnose skate",85.169474047778,785.250272763202,0,-4.6715807560495,TRUE,5
"284",2013,"GOA",0,0.9,0,"Sebastes polyspinis","longnose skate",85.169474047778,785.250272763202,0,-4.55766312035879,TRUE,5
"285",2013,"GOA",0,1,0,"Sebastes polyspinis","longnose skate",85.169474047778,785.250272763202,0,-4.44536433685659,TRUE,5
"286",2013,"GOA",0,1.1,0,"Sebastes polyspinis","longnose skate",85.169474047778,785.250272763202,0,-4.33468440554289,TRUE,5
"287",2013,"GOA",0,1.2,0,"Sebastes polyspinis","longnose skate",85.169474047778,785.250272763202,0,-4.22562332641771,TRUE,5
"288",2013,"GOA",0,1.3,0,"Sebastes polyspinis","longnose skate",85.169474047778,785.250272763202,0,-4.11818109948102,TRUE,5
"289",2013,"GOA",0,1.4,0,"Sebastes polyspinis","longnose skate",85.169474047778,785.250272763202,0,-4.01235772473285,TRUE,5
"290",2013,"GOA",0,1.5,0,"Sebastes polyspinis","longnose skate",85.169474047778,785.250272763202,0,-3.90815320217318,TRUE,5
"291",2013,"GOA",0,1.6,0,"Sebastes polyspinis","longnose skate",85.169474047778,785.250272763202,0,-3.80556753180202,TRUE,5
"292",2013,"GOA",0,1.7,0,"Sebastes polyspinis","longnose skate",85.169474047778,785.250272763202,0,-3.70460071361936,TRUE,5
"293",2013,"GOA",0,1.8,0,"Sebastes polyspinis","longnose skate",85.169474047778,785.250272763202,0,-3.60525274762521,TRUE,5
"294",2013,"GOA",0,1.9,0,"Sebastes polyspinis","longnose skate",85.169474047778,785.250272763202,0,-3.50752363381957,TRUE,5
"295",2013,"GOA",0,2,0,"Sebastes polyspinis","longnose skate",85.169474047778,785.250272763202,0,-3.41141337220243,TRUE,5
"296",2013,"GOA",0,2.1,0,"Sebastes polyspinis","longnose skate",85.169474047778,785.250272763202,0,-3.3169219627738,TRUE,5
"297",2013,"GOA",0,2.2,0,"Sebastes polyspinis","longnose skate",85.169474047778,785.250272763202,0,-3.22404940553368,TRUE,5
"298",2013,"GOA",0,2.3,0,"Sebastes polyspinis","longnose skate",85.169474047778,785.250272763202,0,-3.13279570048206,TRUE,5
"299",2013,"GOA",0,2.4,0,"Sebastes polyspinis","longnose skate",85.169474047778,785.250272763202,0,-3.04316084761895,TRUE,5
"300",2013,"GOA",0,2.5,0,"Sebastes polyspinis","longnose skate",85.169474047778,785.250272763202,0,-2.95514484694435,TRUE,5
"301",2013,"GOA",0,2.6,0,"Sebastes polyspinis","longnose skate",85.169474047778,785.250272763202,0,-2.86874769845825,TRUE,5
"302",2013,"GOA",0,2.7,0,"Sebastes polyspinis","longnose skate",85.169474047778,785.250272763202,0,-2.78396940216066,TRUE,5
"303",2013,"GOA",0,2.8,0,"Sebastes polyspinis","longnose skate",85.169474047778,785.250272763202,0,-2.70080995805157,TRUE,5
"304",2013,"GOA",0,2.9,0,"Sebastes polyspinis","longnose skate",85.169474047778,785.250272763202,0,-2.61926936613099,TRUE,5
"305",2013,"GOA",0,3,0,"Sebastes polyspinis","longnose skate",85.169474047778,785.250272763202,0,-2.53934762639892,TRUE,5
"306",2013,"GOA",0,-3,122.438478157099,"Sebastes polyspinis","spiny dogfish",85.169474047778,785.250272763202,1,-10.2251530438558,TRUE,6
"307",2013,"GOA",0,-2.9,79.6655780660482,"Sebastes polyspinis","spiny dogfish",85.169474047778,785.250272763202,1,-10.1113901813083,TRUE,6
"308",2013,"GOA",0,-2.8,256.244495319145,"Sebastes polyspinis","spiny dogfish",85.169474047778,785.250272763202,1,-9.99824559245418,TRUE,6
"309",2013,"GOA",0,-2.7,209.34485726138,"Sebastes polyspinis","spiny dogfish",85.169474047778,785.250272763202,1,-9.88571927729357,TRUE,6
"310",2013,"GOA",0,-2.6,0,"Sebastes polyspinis","spiny dogfish",85.169474047778,785.250272763202,0,-9.77381123582645,TRUE,6
"311",2013,"GOA",0,-2.5,0,"Sebastes polyspinis","spiny dogfish",85.169474047778,785.250272763202,0,-9.6625214680528,TRUE,6
"312",2013,"GOA",0,-2.4,37.2786362542892,"Sebastes polyspinis","spiny dogfish",85.169474047778,785.250272763202,1,-9.55184997397263,TRUE,6
"313",2013,"GOA",0,-2.3,0,"Sebastes polyspinis","spiny dogfish",85.169474047778,785.250272763202,0,-9.44179675358594,TRUE,6
"314",2013,"GOA",0,-2.2,0,"Sebastes polyspinis","spiny dogfish",85.169474047778,785.250272763202,0,-9.33236180689274,TRUE,6
"315",2013,"GOA",0,-2.1,0,"Sebastes polyspinis","spiny dogfish",85.169474047778,785.250272763202,0,-9.22354513389301,TRUE,6
"316",2013,"GOA",0,-2,0,"Sebastes polyspinis","spiny dogfish",85.169474047778,785.250272763202,0,-9.11534673458676,TRUE,6
"317",2013,"GOA",0,-1.9,0,"Sebastes polyspinis","spiny dogfish",85.169474047778,785.250272763202,0,-9.007766608974,TRUE,6
"318",2013,"GOA",0,-1.8,0,"Sebastes polyspinis","spiny dogfish",85.169474047778,785.250272763202,0,-8.90080475705471,TRUE,6
"319",2013,"GOA",0,-1.7,0,"Sebastes polyspinis","spiny dogfish",85.169474047778,785.250272763202,0,-8.7944611788289,TRUE,6
"320",2013,"GOA",0,-1.6,0,"Sebastes polyspinis","spiny dogfish",85.169474047778,785.250272763202,0,-8.68873587429658,TRUE,6
"321",2013,"GOA",0,-1.5,0,"Sebastes polyspinis","spiny dogfish",85.169474047778,785.250272763202,0,-8.58362884345773,TRUE,6
"322",2013,"GOA",0,-1.4,0,"Sebastes polyspinis","spiny dogfish",85.169474047778,785.250272763202,0,-8.47914008631237,TRUE,6
"323",2013,"GOA",0,-1.3,0,"Sebastes polyspinis","spiny dogfish",85.169474047778,785.250272763202,0,-8.37526960286048,TRUE,6
"324",2013,"GOA",0,-1.2,0,"Sebastes polyspinis","spiny dogfish",85.169474047778,785.250272763202,0,-8.27201739310208,TRUE,6
"325",2013,"GOA",0,-1.1,0,"Sebastes polyspinis","spiny dogfish",85.169474047778,785.250272763202,0,-8.16938345703715,TRUE,6
"326",2013,"GOA",0,-1,0,"Sebastes polyspinis","spiny dogfish",85.169474047778,785.250272763202,0,-8.0673677946657,TRUE,6
"327",2013,"GOA",0,-0.9,0,"Sebastes polyspinis","spiny dogfish",85.169474047778,785.250272763202,0,-7.96597040598774,TRUE,6
"328",2013,"GOA",0,-0.8,0,"Sebastes polyspinis","spiny dogfish",85.169474047778,785.250272763202,0,-7.86519129100326,TRUE,6
"329",2013,"GOA",0,-0.7,0,"Sebastes polyspinis","spiny dogfish",85.169474047778,785.250272763202,0,-7.76503044971225,TRUE,6
"330",2013,"GOA",0,-0.6,0,"Sebastes polyspinis","spiny dogfish",85.169474047778,785.250272763202,0,-7.66548788211473,TRUE,6
"331",2013,"GOA",0,-0.5,0,"Sebastes polyspinis","spiny dogfish",85.169474047778,785.250272763202,0,-7.56656358821068,TRUE,6
"332",2013,"GOA",0,-0.4,0,"Sebastes polyspinis","spiny dogfish",85.169474047778,785.250272763202,0,-7.46825756800012,TRUE,6
"333",2013,"GOA",0,-0.3,0,"Sebastes polyspinis","spiny dogfish",85.169474047778,785.250272763202,0,-7.37056982148304,TRUE,6
"334",2013,"GOA",0,-0.2,0,"Sebastes polyspinis","spiny dogfish",85.169474047778,785.250272763202,0,-7.27350034865943,TRUE,6
"335",2013,"GOA",0,-0.0999999999999996,0,"Sebastes polyspinis","spiny dogfish",85.169474047778,785.250272763202,0,-7.17704914952931,TRUE,6
"336",2013,"GOA",0,0,0,"Sebastes polyspinis","spiny dogfish",85.169474047778,785.250272763202,0,-7.08121622409267,TRUE,6
"337",2013,"GOA",0,0.1,0,"Sebastes polyspinis","spiny dogfish",85.169474047778,785.250272763202,0,-6.9860015723495,TRUE,6
"338",2013,"GOA",0,0.2,0,"Sebastes polyspinis","spiny dogfish",85.169474047778,785.250272763202,0,-6.89140519429982,TRUE,6
"339",2013,"GOA",0,0.3,0,"Sebastes polyspinis","spiny dogfish",85.169474047778,785.250272763202,0,-6.79742708994362,TRUE,6
"340",2013,"GOA",0,0.4,0,"Sebastes polyspinis","spiny dogfish",85.169474047778,785.250272763202,0,-6.7040672592809,TRUE,6
"341",2013,"GOA",0,0.5,0,"Sebastes polyspinis","spiny dogfish",85.169474047778,785.250272763202,0,-6.61132570231165,TRUE,6
"342",2013,"GOA",0,0.6,0,"Sebastes polyspinis","spiny dogfish",85.169474047778,785.250272763202,0,-6.51920241903589,TRUE,6
"343",2013,"GOA",0,0.7,0,"Sebastes polyspinis","spiny dogfish",85.169474047778,785.250272763202,0,-6.42769740945361,TRUE,6
"344",2013,"GOA",0,0.8,0,"Sebastes polyspinis","spiny dogfish",85.169474047778,785.250272763202,0,-6.33681067356481,TRUE,6
"345",2013,"GOA",0,0.9,0,"Sebastes polyspinis","spiny dogfish",85.169474047778,785.250272763202,0,-6.24654221136949,TRUE,6
"346",2013,"GOA",0,1,0,"Sebastes polyspinis","spiny dogfish",85.169474047778,785.250272763202,0,-6.15689202286765,TRUE,6
"347",2013,"GOA",0,1.1,0,"Sebastes polyspinis","spiny dogfish",85.169474047778,785.250272763202,0,-6.06786010805928,TRUE,6
"348",2013,"GOA",0,1.2,0,"Sebastes polyspinis","spiny dogfish",85.169474047778,785.250272763202,0,-5.9794464669444,TRUE,6
"349",2013,"GOA",0,1.3,0,"Sebastes polyspinis","spiny dogfish",85.169474047778,785.250272763202,0,-5.891651099523,TRUE,6
"350",2013,"GOA",0,1.4,0,"Sebastes polyspinis","spiny dogfish",85.169474047778,785.250272763202,0,-5.80447400579508,TRUE,6
"351",2013,"GOA",0,1.5,0,"Sebastes polyspinis","spiny dogfish",85.169474047778,785.250272763202,0,-5.71791518576064,TRUE,6
"352",2013,"GOA",0,1.6,0,"Sebastes polyspinis","spiny dogfish",85.169474047778,785.250272763202,0,-5.63197463941968,TRUE,6
"353",2013,"GOA",0,1.7,0,"Sebastes polyspinis","spiny dogfish",85.169474047778,785.250272763202,0,-5.5466523667722,TRUE,6
"354",2013,"GOA",0,1.8,0,"Sebastes polyspinis","spiny dogfish",85.169474047778,785.250272763202,0,-5.4619483678182,TRUE,6
"355",2013,"GOA",0,1.9,0,"Sebastes polyspinis","spiny dogfish",85.169474047778,785.250272763202,0,-5.37786264255768,TRUE,6
"356",2013,"GOA",0,2,0,"Sebastes polyspinis","spiny dogfish",85.169474047778,785.250272763202,0,-5.29439519099065,TRUE,6
"357",2013,"GOA",0,2.1,0,"Sebastes polyspinis","spiny dogfish",85.169474047778,785.250272763202,0,-5.21154601311709,TRUE,6
"358",2013,"GOA",0,2.2,0,"Sebastes polyspinis","spiny dogfish",85.169474047778,785.250272763202,0,-5.12931510893701,TRUE,6
"359",2013,"GOA",0,2.3,0,"Sebastes polyspinis","spiny dogfish",85.169474047778,785.250272763202,0,-5.04770247845041,TRUE,6
"360",2013,"GOA",0,2.4,0,"Sebastes polyspinis","spiny dogfish",85.169474047778,785.250272763202,0,-4.96670812165729,TRUE,6
"361",2013,"GOA",0,2.5,0,"Sebastes polyspinis","spiny dogfish",85.169474047778,785.250272763202,0,-4.88633203855765,TRUE,6
"362",2013,"GOA",0,2.6,0,"Sebastes polyspinis","spiny dogfish",85.169474047778,785.250272763202,0,-4.80657422915149,TRUE,6
"363",2013,"GOA",0,2.7,0,"Sebastes polyspinis","spiny dogfish",85.169474047778,785.250272763202,0,-4.72743469343881,TRUE,6
"364",2013,"GOA",0,2.8,0,"Sebastes polyspinis","spiny dogfish",85.169474047778,785.250272763202,0,-4.64891343141962,TRUE,6
"365",2013,"GOA",0,2.9,0,"Sebastes polyspinis","spiny dogfish",85.169474047778,785.250272763202,0,-4.5710104430939,TRUE,6
"366",2013,"GOA",0,3,0,"Sebastes polyspinis","spiny dogfish",85.169474047778,785.250272763202,0,-4.49372572846166,TRUE,6
"367",2013,"GOA",0,-3,122.438478157099,"Sebastes polyspinis","arrowtooth flounder",85.169474047778,785.250272763202,1,8.2338482198346,TRUE,7
"368",2013,"GOA",0,-2.9,79.6655780660482,"Sebastes polyspinis","arrowtooth flounder",85.169474047778,785.250272763202,1,8.19777881481842,TRUE,7
"369",2013,"GOA",0,-2.8,256.244495319145,"Sebastes polyspinis","arrowtooth flounder",85.169474047778,785.250272763202,1,8.16171229200769,TRUE,7
"370",2013,"GOA",0,-2.7,209.34485726138,"Sebastes polyspinis","arrowtooth flounder",85.169474047778,785.250272763202,1,8.1256486514024,TRUE,7
"371",2013,"GOA",0,-2.6,0,"Sebastes polyspinis","arrowtooth flounder",85.169474047778,785.250272763202,0,8.08958789300255,TRUE,7
"372",2013,"GOA",0,-2.5,0,"Sebastes polyspinis","arrowtooth flounder",85.169474047778,785.250272763202,0,8.05353001680814,TRUE,7
"373",2013,"GOA",0,-2.4,37.2786362542892,"Sebastes polyspinis","arrowtooth flounder",85.169474047778,785.250272763202,1,8.01747502281919,TRUE,7
"374",2013,"GOA",0,-2.3,0,"Sebastes polyspinis","arrowtooth flounder",85.169474047778,785.250272763202,0,7.98142291103567,TRUE,7
"375",2013,"GOA",0,-2.2,0,"Sebastes polyspinis","arrowtooth flounder",85.169474047778,785.250272763202,0,7.9453736814576,TRUE,7
"376",2013,"GOA",0,-2.1,0,"Sebastes polyspinis","arrowtooth flounder",85.169474047778,785.250272763202,0,7.90932733408498,TRUE,7
"377",2013,"GOA",0,-2,0,"Sebastes polyspinis","arrowtooth flounder",85.169474047778,785.250272763202,0,7.8732838689178,TRUE,7
"378",2013,"GOA",0,-1.9,0,"Sebastes polyspinis","arrowtooth flounder",85.169474047778,785.250272763202,0,7.83724328595606,TRUE,7
"379",2013,"GOA",0,-1.8,0,"Sebastes polyspinis","arrowtooth flounder",85.169474047778,785.250272763202,0,7.80120558519976,TRUE,7
"380",2013,"GOA",0,-1.7,0,"Sebastes polyspinis","arrowtooth flounder",85.169474047778,785.250272763202,0,7.76517076664892,TRUE,7
"381",2013,"GOA",0,-1.6,0,"Sebastes polyspinis","arrowtooth flounder",85.169474047778,785.250272763202,0,7.72913883030351,TRUE,7
"382",2013,"GOA",0,-1.5,0,"Sebastes polyspinis","arrowtooth flounder",85.169474047778,785.250272763202,0,7.69310977616355,TRUE,7
"383",2013,"GOA",0,-1.4,0,"Sebastes polyspinis","arrowtooth flounder",85.169474047778,785.250272763202,0,7.65708360422903,TRUE,7
"384",2013,"GOA",0,-1.3,0,"Sebastes polyspinis","arrowtooth flounder",85.169474047778,785.250272763202,0,7.62106031449996,TRUE,7
"385",2013,"GOA",0,-1.2,0,"Sebastes polyspinis","arrowtooth flounder",85.169474047778,785.250272763202,0,7.58503990697633,TRUE,7
"386",2013,"GOA",0,-1.1,0,"Sebastes polyspinis","arrowtooth flounder",85.169474047778,785.250272763202,0,7.54902238165815,TRUE,7
"387",2013,"GOA",0,-1,0,"Sebastes polyspinis","arrowtooth flounder",85.169474047778,785.250272763202,0,7.51300773854541,TRUE,7
"388",2013,"GOA",0,-0.9,0,"Sebastes polyspinis","arrowtooth flounder",85.169474047778,785.250272763202,0,7.47699597763811,TRUE,7
"389",2013,"GOA",0,-0.8,0,"Sebastes polyspinis","arrowtooth flounder",85.169474047778,785.250272763202,0,7.44098709893626,TRUE,7
"390",2013,"GOA",0,-0.7,0,"Sebastes polyspinis","arrowtooth flounder",85.169474047778,785.250272763202,0,7.40498110243986,TRUE,7
"391",2013,"GOA",0,-0.6,0,"Sebastes polyspinis","arrowtooth flounder",85.169474047778,785.250272763202,0,7.36897798814889,TRUE,7
"392",2013,"GOA",0,-0.5,0,"Sebastes polyspinis","arrowtooth flounder",85.169474047778,785.250272763202,0,7.33297775606337,TRUE,7
"393",2013,"GOA",0,-0.4,0,"Sebastes polyspinis","arrowtooth flounder",85.169474047778,785.250272763202,0,7.2969804061833,TRUE,7
"394",2013,"GOA",0,-0.3,0,"Sebastes polyspinis","arrowtooth flounder",85.169474047778,785.250272763202,0,7.26098593850867,TRUE,7
"395",2013,"GOA",0,-0.2,0,"Sebastes polyspinis","arrowtooth flounder",85.169474047778,785.250272763202,0,7.22499435303948,TRUE,7
"396",2013,"GOA",0,-0.0999999999999996,0,"Sebastes polyspinis","arrowtooth flounder",85.169474047778,785.250272763202,0,7.18900564977574,TRUE,7
"397",2013,"GOA",0,0,0,"Sebastes polyspinis","arrowtooth flounder",85.169474047778,785.250272763202,0,7.15301982871744,TRUE,7
"398",2013,"GOA",0,0.1,0,"Sebastes polyspinis","arrowtooth flounder",85.169474047778,785.250272763202,0,7.11703688986459,TRUE,7
"399",2013,"GOA",0,0.2,0,"Sebastes polyspinis","arrowtooth flounder",85.169474047778,785.250272763202,0,7.08105683321718,TRUE,7
"400",2013,"GOA",0,0.3,0,"Sebastes polyspinis","arrowtooth flounder",85.169474047778,785.250272763202,0,7.04507965877522,TRUE,7
"401",2013,"GOA",0,0.4,0,"Sebastes polyspinis","arrowtooth flounder",85.169474047778,785.250272763202,0,7.00910536653869,TRUE,7
"402",2013,"GOA",0,0.5,0,"Sebastes polyspinis","arrowtooth flounder",85.169474047778,785.250272763202,0,6.97313395650762,TRUE,7
"403",2013,"GOA",0,0.6,0,"Sebastes polyspinis","arrowtooth flounder",85.169474047778,785.250272763202,0,6.93716542868199,TRUE,7
"404",2013,"GOA",0,0.7,0,"Sebastes polyspinis","arrowtooth flounder",85.169474047778,785.250272763202,0,6.9011997830618,TRUE,7
"405",2013,"GOA",0,0.8,0,"Sebastes polyspinis","arrowtooth flounder",85.169474047778,785.250272763202,0,6.86523701964705,TRUE,7
"406",2013,"GOA",0,0.9,0,"Sebastes polyspinis","arrowtooth flounder",85.169474047778,785.250272763202,0,6.82927713843775,TRUE,7
"407",2013,"GOA",0,1,0,"Sebastes polyspinis","arrowtooth flounder",85.169474047778,785.250272763202,0,6.7933201394339,TRUE,7
"408",2013,"GOA",0,1.1,0,"Sebastes polyspinis","arrowtooth flounder",85.169474047778,785.250272763202,0,6.75736602263549,TRUE,7
"409",2013,"GOA",0,1.2,0,"Sebastes polyspinis","arrowtooth flounder",85.169474047778,785.250272763202,0,6.72141478804252,TRUE,7
"410",2013,"GOA",0,1.3,0,"Sebastes polyspinis","arrowtooth flounder",85.169474047778,785.250272763202,0,6.685466435655,TRUE,7
"411",2013,"GOA",0,1.4,0,"Sebastes polyspinis","arrowtooth flounder",85.169474047778,785.250272763202,0,6.64952096547292,TRUE,7
"412",2013,"GOA",0,1.5,0,"Sebastes polyspinis","arrowtooth flounder",85.169474047778,785.250272763202,0,6.61357837749628,TRUE,7
"413",2013,"GOA",0,1.6,0,"Sebastes polyspinis","arrowtooth flounder",85.169474047778,785.250272763202,0,6.57763867172509,TRUE,7
"414",2013,"GOA",0,1.7,0,"Sebastes polyspinis","arrowtooth flounder",85.169474047778,785.250272763202,0,6.54170184815935,TRUE,7
"415",2013,"GOA",0,1.8,0,"Sebastes polyspinis","arrowtooth flounder",85.169474047778,785.250272763202,0,6.50576790679904,TRUE,7
"416",2013,"GOA",0,1.9,0,"Sebastes polyspinis","arrowtooth flounder",85.169474047778,785.250272763202,0,6.46983684764419,TRUE,7
"417",2013,"GOA",0,2,0,"Sebastes polyspinis","arrowtooth flounder",85.169474047778,785.250272763202,0,6.43390867069477,TRUE,7
"418",2013,"GOA",0,2.1,0,"Sebastes polyspinis","arrowtooth flounder",85.169474047778,785.250272763202,0,6.3979833759508,TRUE,7
"419",2013,"GOA",0,2.2,0,"Sebastes polyspinis","arrowtooth flounder",85.169474047778,785.250272763202,0,6.36206096341228,TRUE,7
"420",2013,"GOA",0,2.3,0,"Sebastes polyspinis","arrowtooth flounder",85.169474047778,785.250272763202,0,6.3261414330792,TRUE,7
"421",2013,"GOA",0,2.4,0,"Sebastes polyspinis","arrowtooth flounder",85.169474047778,785.250272763202,0,6.29022478495156,TRUE,7
"422",2013,"GOA",0,2.5,0,"Sebastes polyspinis","arrowtooth flounder",85.169474047778,785.250272763202,0,6.25431101902937,TRUE,7
"423",2013,"GOA",0,2.6,0,"Sebastes polyspinis","arrowtooth flounder",85.169474047778,785.250272763202,0,6.21840013531262,TRUE,7
"424",2013,"GOA",0,2.7,0,"Sebastes polyspinis","arrowtooth flounder",85.169474047778,785.250272763202,0,6.18249213380131,TRUE,7
"425",2013,"GOA",0,2.8,0,"Sebastes polyspinis","arrowtooth flounder",85.169474047778,785.250272763202,0,6.14658701449545,TRUE,7
"426",2013,"GOA",0,2.9,0,"Sebastes polyspinis","arrowtooth flounder",85.169474047778,785.250272763202,0,6.11068477739504,TRUE,7
"427",2013,"GOA",0,3,0,"Sebastes polyspinis","arrowtooth flounder",85.169474047778,785.250272763202,0,6.07478542250007,TRUE,7
"428",2013,"GOA",0,-3,122.438478157099,"Sebastes polyspinis","rex sole",85.169474047778,785.250272763202,1,0.490419694904067,TRUE,8
"429",2013,"GOA",0,-2.9,79.6655780660482,"Sebastes polyspinis","rex sole",85.169474047778,785.250272763202,1,0.52035669671734,TRUE,8
"430",2013,"GOA",0,-2.8,256.244495319145,"Sebastes polyspinis","rex sole",85.169474047778,785.250272763202,1,0.550054788399296,TRUE,8
"431",2013,"GOA",0,-2.7,209.34485726138,"Sebastes polyspinis","rex sole",85.169474047778,785.250272763202,1,0.579513969949936,TRUE,8
"432",2013,"GOA",0,-2.6,0,"Sebastes polyspinis","rex sole",85.169474047778,785.250272763202,0,0.608734241369261,TRUE,8
"433",2013,"GOA",0,-2.5,0,"Sebastes polyspinis","rex sole",85.169474047778,785.250272763202,0,0.63771560265727,TRUE,8
"434",2013,"GOA",0,-2.4,37.2786362542892,"Sebastes polyspinis","rex sole",85.169474047778,785.250272763202,1,0.666458053813964,TRUE,8
"435",2013,"GOA",0,-2.3,0,"Sebastes polyspinis","rex sole",85.169474047778,785.250272763202,0,0.694961594839341,TRUE,8
"436",2013,"GOA",0,-2.2,0,"Sebastes polyspinis","rex sole",85.169474047778,785.250272763202,0,0.723226225733403,TRUE,8
"437",2013,"GOA",0,-2.1,0,"Sebastes polyspinis","rex sole",85.169474047778,785.250272763202,0,0.751251946496149,TRUE,8
"438",2013,"GOA",0,-2,0,"Sebastes polyspinis","rex sole",85.169474047778,785.250272763202,0,0.779038757127579,TRUE,8
"439",2013,"GOA",0,-1.9,0,"Sebastes polyspinis","rex sole",85.169474047778,785.250272763202,0,0.806586657627693,TRUE,8
"440",2013,"GOA",0,-1.8,0,"Sebastes polyspinis","rex sole",85.169474047778,785.250272763202,0,0.833895647996492,TRUE,8
"441",2013,"GOA",0,-1.7,0,"Sebastes polyspinis","rex sole",85.169474047778,785.250272763202,0,0.860965728233975,TRUE,8
"442",2013,"GOA",0,-1.6,0,"Sebastes polyspinis","rex sole",85.169474047778,785.250272763202,0,0.887796898340143,TRUE,8
"443",2013,"GOA",0,-1.5,0,"Sebastes polyspinis","rex sole",85.169474047778,785.250272763202,0,0.914389158314994,TRUE,8
"444",2013,"GOA",0,-1.4,0,"Sebastes polyspinis","rex sole",85.169474047778,785.250272763202,0,0.94074250815853,TRUE,8
"445",2013,"GOA",0,-1.3,0,"Sebastes polyspinis","rex sole",85.169474047778,785.250272763202,0,0.96685694787075,TRUE,8
"446",2013,"GOA",0,-1.2,0,"Sebastes polyspinis","rex sole",85.169474047778,785.250272763202,0,0.992732477451654,TRUE,8
"447",2013,"GOA",0,-1.1,0,"Sebastes polyspinis","rex sole",85.169474047778,785.250272763202,0,1.01836909690124,TRUE,8
"448",2013,"GOA",0,-1,0,"Sebastes polyspinis","rex sole",85.169474047778,785.250272763202,0,1.04376680621951,TRUE,8
"449",2013,"GOA",0,-0.9,0,"Sebastes polyspinis","rex sole",85.169474047778,785.250272763202,0,1.06892560540647,TRUE,8
"450",2013,"GOA",0,-0.8,0,"Sebastes polyspinis","rex sole",85.169474047778,785.250272763202,0,1.09384549446211,TRUE,8
"451",2013,"GOA",0,-0.7,0,"Sebastes polyspinis","rex sole",85.169474047778,785.250272763202,0,1.11852647338644,TRUE,8
"452",2013,"GOA",0,-0.6,0,"Sebastes polyspinis","rex sole",85.169474047778,785.250272763202,0,1.14296854217945,TRUE,8
"453",2013,"GOA",0,-0.5,0,"Sebastes polyspinis","rex sole",85.169474047778,785.250272763202,0,1.16717170084114,TRUE,8
"454",2013,"GOA",0,-0.4,0,"Sebastes polyspinis","rex sole",85.169474047778,785.250272763202,0,1.19113594937152,TRUE,8
"455",2013,"GOA",0,-0.3,0,"Sebastes polyspinis","rex sole",85.169474047778,785.250272763202,0,1.21486128777058,TRUE,8
"456",2013,"GOA",0,-0.2,0,"Sebastes polyspinis","rex sole",85.169474047778,785.250272763202,0,1.23834771603833,TRUE,8
"457",2013,"GOA",0,-0.0999999999999996,0,"Sebastes polyspinis","rex sole",85.169474047778,785.250272763202,0,1.26159523417476,TRUE,8
"458",2013,"GOA",0,0,0,"Sebastes polyspinis","rex sole",85.169474047778,785.250272763202,0,1.28460384217988,TRUE,8
"459",2013,"GOA",0,0.1,0,"Sebastes polyspinis","rex sole",85.169474047778,785.250272763202,0,1.30737354005368,TRUE,8
"460",2013,"GOA",0,0.2,0,"Sebastes polyspinis","rex sole",85.169474047778,785.250272763202,0,1.32990432779616,TRUE,8
"461",2013,"GOA",0,0.3,0,"Sebastes polyspinis","rex sole",85.169474047778,785.250272763202,0,1.35219620540733,TRUE,8
"462",2013,"GOA",0,0.4,0,"Sebastes polyspinis","rex sole",85.169474047778,785.250272763202,0,1.37424917288718,TRUE,8
"463",2013,"GOA",0,0.5,0,"Sebastes polyspinis","rex sole",85.169474047778,785.250272763202,0,1.39606323023571,TRUE,8
"464",2013,"GOA",0,0.6,0,"Sebastes polyspinis","rex sole",85.169474047778,785.250272763202,0,1.41763837745294,TRUE,8
"465",2013,"GOA",0,0.7,0,"Sebastes polyspinis","rex sole",85.169474047778,785.250272763202,0,1.43897461453884,TRUE,8
"466",2013,"GOA",0,0.8,0,"Sebastes polyspinis","rex sole",85.169474047778,785.250272763202,0,1.46007194149343,TRUE,8
"467",2013,"GOA",0,0.9,0,"Sebastes polyspinis","rex sole",85.169474047778,785.250272763202,0,1.4809303583167,TRUE,8
"468",2013,"GOA",0,1,0,"Sebastes polyspinis","rex sole",85.169474047778,785.250272763202,0,1.50154986500866,TRUE,8
"469",2013,"GOA",0,1.1,0,"Sebastes polyspinis","rex sole",85.169474047778,785.250272763202,0,1.5219304615693,TRUE,8
"470",2013,"GOA",0,1.2,0,"Sebastes polyspinis","rex sole",85.169474047778,785.250272763202,0,1.54207214799863,TRUE,8
"471",2013,"GOA",0,1.3,0,"Sebastes polyspinis","rex sole",85.169474047778,785.250272763202,0,1.56197492429664,TRUE,8
"472",2013,"GOA",0,1.4,0,"Sebastes polyspinis","rex sole",85.169474047778,785.250272763202,0,1.58163879046333,TRUE,8
"473",2013,"GOA",0,1.5,0,"Sebastes polyspinis","rex sole",85.169474047778,785.250272763202,0,1.60106374649871,TRUE,8
"474",2013,"GOA",0,1.6,0,"Sebastes polyspinis","rex sole",85.169474047778,785.250272763202,0,1.62024979240278,TRUE,8
"475",2013,"GOA",0,1.7,0,"Sebastes polyspinis","rex sole",85.169474047778,785.250272763202,0,1.63919692817552,TRUE,8
"476",2013,"GOA",0,1.8,0,"Sebastes polyspinis","rex sole",85.169474047778,785.250272763202,0,1.65790515381695,TRUE,8
"477",2013,"GOA",0,1.9,0,"Sebastes polyspinis","rex sole",85.169474047778,785.250272763202,0,1.67637446932707,TRUE,8
"478",2013,"GOA",0,2,0,"Sebastes polyspinis","rex sole",85.169474047778,785.250272763202,0,1.69460487470587,TRUE,8
"479",2013,"GOA",0,2.1,0,"Sebastes polyspinis","rex sole",85.169474047778,785.250272763202,0,1.71259636995335,TRUE,8
"480",2013,"GOA",0,2.2,0,"Sebastes polyspinis","rex sole",85.169474047778,785.250272763202,0,1.73034895506952,TRUE,8
"481",2013,"GOA",0,2.3,0,"Sebastes polyspinis","rex sole",85.169474047778,785.250272763202,0,1.74786263005438,TRUE,8
"482",2013,"GOA",0,2.4,0,"Sebastes polyspinis","rex sole",85.169474047778,785.250272763202,0,1.76513739490791,TRUE,8
"483",2013,"GOA",0,2.5,0,"Sebastes polyspinis","rex sole",85.169474047778,785.250272763202,0,1.78217324963013,TRUE,8
"484",2013,"GOA",0,2.6,0,"Sebastes polyspinis","rex sole",85.169474047778,785.250272763202,0,1.79897019422104,TRUE,8
"485",2013,"GOA",0,2.7,0,"Sebastes polyspinis","rex sole",85.169474047778,785.250272763202,0,1.81552822868063,TRUE,8
"486",2013,"GOA",0,2.8,0,"Sebastes polyspinis","rex sole",85.169474047778,785.250272763202,0,1.8318473530089,TRUE,8
"487",2013,"GOA",0,2.9,0,"Sebastes polyspinis","rex sole",85.169474047778,785.250272763202,0,1.84792756720586,TRUE,8
"488",2013,"GOA",0,3,0,"Sebastes polyspinis","rex sole",85.169474047778,785.250272763202,0,1.8637688712715,TRUE,8
"489",2013,"GOA",0,-3,122.438478157099,"Sebastes polyspinis","flathead sole",85.169474047778,785.250272763202,1,1.89778947180249,TRUE,9
"490",2013,"GOA",0,-2.9,79.6655780660482,"Sebastes polyspinis","flathead sole",85.169474047778,785.250272763202,1,1.88826596605705,TRUE,9
"491",2013,"GOA",0,-2.8,256.244495319145,"Sebastes polyspinis","flathead sole",85.169474047778,785.250272763202,1,1.878565959252,TRUE,9
"492",2013,"GOA",0,-2.7,209.34485726138,"Sebastes polyspinis","flathead sole",85.169474047778,785.250272763202,1,1.86868945138734,TRUE,9
"493",2013,"GOA",0,-2.6,0,"Sebastes polyspinis","flathead sole",85.169474047778,785.250272763202,0,1.85863644246307,TRUE,9
"494",2013,"GOA",0,-2.5,0,"Sebastes polyspinis","flathead sole",85.169474047778,785.250272763202,0,1.84840693247919,TRUE,9
"495",2013,"GOA",0,-2.4,37.2786362542892,"Sebastes polyspinis","flathead sole",85.169474047778,785.250272763202,1,1.83800092143569,TRUE,9
"496",2013,"GOA",0,-2.3,0,"Sebastes polyspinis","flathead sole",85.169474047778,785.250272763202,0,1.82741840933258,TRUE,9
"497",2013,"GOA",0,-2.2,0,"Sebastes polyspinis","flathead sole",85.169474047778,785.250272763202,0,1.81665939616985,TRUE,9
"498",2013,"GOA",0,-2.1,0,"Sebastes polyspinis","flathead sole",85.169474047778,785.250272763202,0,1.80572388194752,TRUE,9
"499",2013,"GOA",0,-2,0,"Sebastes polyspinis","flathead sole",85.169474047778,785.250272763202,0,1.79461186666557,TRUE,9
"500",2013,"GOA",0,-1.9,0,"Sebastes polyspinis","flathead sole",85.169474047778,785.250272763202,0,1.78332335032401,TRUE,9
"501",2013,"GOA",0,-1.8,0,"Sebastes polyspinis","flathead sole",85.169474047778,785.250272763202,0,1.77185833292284,TRUE,9
"502",2013,"GOA",0,-1.7,0,"Sebastes polyspinis","flathead sole",85.169474047778,785.250272763202,0,1.76021681446205,TRUE,9
"503",2013,"GOA",0,-1.6,0,"Sebastes polyspinis","flathead sole",85.169474047778,785.250272763202,0,1.74839879494165,TRUE,9
"504",2013,"GOA",0,-1.5,0,"Sebastes polyspinis","flathead sole",85.169474047778,785.250272763202,0,1.73640427436164,TRUE,9
"505",2013,"GOA",0,-1.4,0,"Sebastes polyspinis","flathead sole",85.169474047778,785.250272763202,0,1.72423325272202,TRUE,9
"506",2013,"GOA",0,-1.3,0,"Sebastes polyspinis","flathead sole",85.169474047778,785.250272763202,0,1.71188573002278,TRUE,9
"507",2013,"GOA",0,-1.2,0,"Sebastes polyspinis","flathead sole",85.169474047778,785.250272763202,0,1.69936170626394,TRUE,9
"508",2013,"GOA",0,-1.1,0,"Sebastes polyspinis","flathead sole",85.169474047778,785.250272763202,0,1.68666118144547,TRUE,9
"509",2013,"GOA",0,-1,0,"Sebastes polyspinis","flathead sole",85.169474047778,785.250272763202,0,1.6737841555674,TRUE,9
"510",2013,"GOA",0,-0.9,0,"Sebastes polyspinis","flathead sole",85.169474047778,785.250272763202,0,1.66073062862972,TRUE,9
"511",2013,"GOA",0,-0.8,0,"Sebastes polyspinis","flathead sole",85.169474047778,785.250272763202,0,1.64750060063242,TRUE,9
"512",2013,"GOA",0,-0.7,0,"Sebastes polyspinis","flathead sole",85.169474047778,785.250272763202,0,1.63409407157551,TRUE,9
"513",2013,"GOA",0,-0.6,0,"Sebastes polyspinis","flathead sole",85.169474047778,785.250272763202,0,1.62051104145898,TRUE,9
"514",2013,"GOA",0,-0.5,0,"Sebastes polyspinis","flathead sole",85.169474047778,785.250272763202,0,1.60675151028285,TRUE,9
"515",2013,"GOA",0,-0.4,0,"Sebastes polyspinis","flathead sole",85.169474047778,785.250272763202,0,1.5928154780471,TRUE,9
"516",2013,"GOA",0,-0.3,0,"Sebastes polyspinis","flathead sole",85.169474047778,785.250272763202,0,1.57870294475174,TRUE,9
"517",2013,"GOA",0,-0.2,0,"Sebastes polyspinis","flathead sole",85.169474047778,785.250272763202,0,1.56441391039677,TRUE,9
"518",2013,"GOA",0,-0.0999999999999996,0,"Sebastes polyspinis","flathead sole",85.169474047778,785.250272763202,0,1.54994837498218,TRUE,9
"519",2013,"GOA",0,0,0,"Sebastes polyspinis","flathead sole",85.169474047778,785.250272763202,0,1.53530633850798,TRUE,9
"520",2013,"GOA",0,0.1,0,"Sebastes polyspinis","flathead sole",85.169474047778,785.250272763202,0,1.52048780097417,TRUE,9
"521",2013,"GOA",0,0.2,0,"Sebastes polyspinis","flathead sole",85.169474047778,785.250272763202,0,1.50549276238075,TRUE,9
"522",2013,"GOA",0,0.3,0,"Sebastes polyspinis","flathead sole",85.169474047778,785.250272763202,0,1.49032122272772,TRUE,9
"523",2013,"GOA",0,0.4,0,"Sebastes polyspinis","flathead sole",85.169474047778,785.250272763202,0,1.47497318201507,TRUE,9
"524",2013,"GOA",0,0.5,0,"Sebastes polyspinis","flathead sole",85.169474047778,785.250272763202,0,1.45944864024281,TRUE,9
"525",2013,"GOA",0,0.6,0,"Sebastes polyspinis","flathead sole",85.169474047778,785.250272763202,0,1.44374759741093,TRUE,9
"526",2013,"GOA",0,0.7,0,"Sebastes polyspinis","flathead sole",85.169474047778,785.250272763202,0,1.42787005351945,TRUE,9
"527",2013,"GOA",0,0.8,0,"Sebastes polyspinis","flathead sole",85.169474047778,785.250272763202,0,1.41181600856835,TRUE,9
"528",2013,"GOA",0,0.9,0,"Sebastes polyspinis","flathead sole",85.169474047778,785.250272763202,0,1.39558546255764,TRUE,9
"529",2013,"GOA",0,1,0,"Sebastes polyspinis","flathead sole",85.169474047778,785.250272763202,0,1.37917841548732,TRUE,9
"530",2013,"GOA",0,1.1,0,"Sebastes polyspinis","flathead sole",85.169474047778,785.250272763202,0,1.36259486735738,TRUE,9
"531",2013,"GOA",0,1.2,0,"Sebastes polyspinis","flathead sole",85.169474047778,785.250272763202,0,1.34583481816784,TRUE,9
"532",2013,"GOA",0,1.3,0,"Sebastes polyspinis","flathead sole",85.169474047778,785.250272763202,0,1.32889826791868,TRUE,9
"533",2013,"GOA",0,1.4,0,"Sebastes polyspinis","flathead sole",85.169474047778,785.250272763202,0,1.3117852166099,TRUE,9
"534",2013,"GOA",0,1.5,0,"Sebastes polyspinis","flathead sole",85.169474047778,785.250272763202,0,1.29449566424152,TRUE,9
"535",2013,"GOA",0,1.6,0,"Sebastes polyspinis","flathead sole",85.169474047778,785.250272763202,0,1.27702961081352,TRUE,9
"536",2013,"GOA",0,1.7,0,"Sebastes polyspinis","flathead sole",85.169474047778,785.250272763202,0,1.25938705632591,TRUE,9
"537",2013,"GOA",0,1.8,0,"Sebastes polyspinis","flathead sole",85.169474047778,785.250272763202,0,1.24156800077869,TRUE,9
"538",2013,"GOA",0,1.9,0,"Sebastes polyspinis","flathead sole",85.169474047778,785.250272763202,0,1.22357244417185,TRUE,9
"539",2013,"GOA",0,2,0,"Sebastes polyspinis","flathead sole",85.169474047778,785.250272763202,0,1.2054003865054,TRUE,9
"540",2013,"GOA",0,2.1,0,"Sebastes polyspinis","flathead sole",85.169474047778,785.250272763202,0,1.18705182777934,TRUE,9
"541",2013,"GOA",0,2.2,0,"Sebastes polyspinis","flathead sole",85.169474047778,785.250272763202,0,1.16852676799367,TRUE,9
"542",2013,"GOA",0,2.3,0,"Sebastes polyspinis","flathead sole",85.169474047778,785.250272763202,0,1.14982520714839,TRUE,9
"543",2013,"GOA",0,2.4,0,"Sebastes polyspinis","flathead sole",85.169474047778,785.250272763202,0,1.13094714524349,TRUE,9
"544",2013,"GOA",0,2.5,0,"Sebastes polyspinis","flathead sole",85.169474047778,785.250272763202,0,1.11189258227898,TRUE,9
"545",2013,"GOA",0,2.6,0,"Sebastes polyspinis","flathead sole",85.169474047778,785.250272763202,0,1.09266151825486,TRUE,9
"546",2013,"GOA",0,2.7,0,"Sebastes polyspinis","flathead sole",85.169474047778,785.250272763202,0,1.07325395317112,TRUE,9
"547",2013,"GOA",0,2.8,0,"Sebastes polyspinis","flathead sole",85.169474047778,785.250272763202,0,1.05366988702777,TRUE,9
"548",2013,"GOA",0,2.9,0,"Sebastes polyspinis","flathead sole",85.169474047778,785.250272763202,0,1.03390931982481,TRUE,9
"549",2013,"GOA",0,3,0,"Sebastes polyspinis","flathead sole",85.169474047778,785.250272763202,0,1.01397225156224,TRUE,9
"550",2013,"GOA",0,-3,122.438478157099,"Sebastes polyspinis","walleye pollock",85.169474047778,785.250272763202,1,5.85222929146426,TRUE,10
"551",2013,"GOA",0,-2.9,79.6655780660482,"Sebastes polyspinis","walleye pollock",85.169474047778,785.250272763202,1,5.79093989396734,TRUE,10
"552",2013,"GOA",0,-2.8,256.244495319145,"Sebastes polyspinis","walleye pollock",85.169474047778,785.250272763202,1,5.7302987590787,TRUE,10
"553",2013,"GOA",0,-2.7,209.34485726138,"Sebastes polyspinis","walleye pollock",85.169474047778,785.250272763202,1,5.67030588679834,TRUE,10
"554",2013,"GOA",0,-2.6,0,"Sebastes polyspinis","walleye pollock",85.169474047778,785.250272763202,0,5.61096127712627,TRUE,10
"555",2013,"GOA",0,-2.5,0,"Sebastes polyspinis","walleye pollock",85.169474047778,785.250272763202,0,5.55226493006248,TRUE,10
"556",2013,"GOA",0,-2.4,37.2786362542892,"Sebastes polyspinis","walleye pollock",85.169474047778,785.250272763202,1,5.49421684560697,TRUE,10
"557",2013,"GOA",0,-2.3,0,"Sebastes polyspinis","walleye pollock",85.169474047778,785.250272763202,0,5.43681702375974,TRUE,10
"558",2013,"GOA",0,-2.2,0,"Sebastes polyspinis","walleye pollock",85.169474047778,785.250272763202,0,5.38006546452079,TRUE,10
"559",2013,"GOA",0,-2.1,0,"Sebastes polyspinis","walleye pollock",85.169474047778,785.250272763202,0,5.32396216789013,TRUE,10
"560",2013,"GOA",0,-2,0,"Sebastes polyspinis","walleye pollock",85.169474047778,785.250272763202,0,5.26850713386775,TRUE,10
"561",2013,"GOA",0,-1.9,0,"Sebastes polyspinis","walleye pollock",85.169474047778,785.250272763202,0,5.21370036245366,TRUE,10
"562",2013,"GOA",0,-1.8,0,"Sebastes polyspinis","walleye pollock",85.169474047778,785.250272763202,0,5.15954185364784,TRUE,10
"563",2013,"GOA",0,-1.7,0,"Sebastes polyspinis","walleye pollock",85.169474047778,785.250272763202,0,5.10603160745031,TRUE,10
"564",2013,"GOA",0,-1.6,0,"Sebastes polyspinis","walleye pollock",85.169474047778,785.250272763202,0,5.05316962386106,TRUE,10
"565",2013,"GOA",0,-1.5,0,"Sebastes polyspinis","walleye pollock",85.169474047778,785.250272763202,0,5.00095590288009,TRUE,10
"566",2013,"GOA",0,-1.4,0,"Sebastes polyspinis","walleye pollock",85.169474047778,785.250272763202,0,4.94939044450741,TRUE,10
"567",2013,"GOA",0,-1.3,0,"Sebastes polyspinis","walleye pollock",85.169474047778,785.250272763202,0,4.89847324874301,TRUE,10
"568",2013,"GOA",0,-1.2,0,"Sebastes polyspinis","walleye pollock",85.169474047778,785.250272763202,0,4.84820431558689,TRUE,10
"569",2013,"GOA",0,-1.1,0,"Sebastes polyspinis","walleye pollock",85.169474047778,785.250272763202,0,4.79858364503905,TRUE,10
"570",2013,"GOA",0,-1,0,"Sebastes polyspinis","walleye pollock",85.169474047778,785.250272763202,0,4.7496112370995,TRUE,10
"571",2013,"GOA",0,-0.9,0,"Sebastes polyspinis","walleye pollock",85.169474047778,785.250272763202,0,4.70128709176823,TRUE,10
"572",2013,"GOA",0,-0.8,0,"Sebastes polyspinis","walleye pollock",85.169474047778,785.250272763202,0,4.65361120904524,TRUE,10
"573",2013,"GOA",0,-0.7,0,"Sebastes polyspinis","walleye pollock",85.169474047778,785.250272763202,0,4.60658358893053,TRUE,10
"574",2013,"GOA",0,-0.6,0,"Sebastes polyspinis","walleye pollock",85.169474047778,785.250272763202,0,4.56020423142411,TRUE,10
"575",2013,"GOA",0,-0.5,0,"Sebastes polyspinis","walleye pollock",85.169474047778,785.250272763202,0,4.51447313652597,TRUE,10
"576",2013,"GOA",0,-0.4,0,"Sebastes polyspinis","walleye pollock",85.169474047778,785.250272763202,0,4.46939030423611,TRUE,10
"577",2013,"GOA",0,-0.3,0,"Sebastes polyspinis","walleye pollock",85.169474047778,785.250272763202,0,4.42495573455453,TRUE,10
"578",2013,"GOA",0,-0.2,0,"Sebastes polyspinis","walleye pollock",85.169474047778,785.250272763202,0,4.38116942748124,TRUE,10
"579",2013,"GOA",0,-0.0999999999999996,0,"Sebastes polyspinis","walleye pollock",85.169474047778,785.250272763202,0,4.33803138301623,TRUE,10
"580",2013,"GOA",0,0,0,"Sebastes polyspinis","walleye pollock",85.169474047778,785.250272763202,0,4.2955416011595,TRUE,10
"581",2013,"GOA",0,0.1,0,"Sebastes polyspinis","walleye pollock",85.169474047778,785.250272763202,0,4.25370008191106,TRUE,10
"582",2013,"GOA",0,0.2,0,"Sebastes polyspinis","walleye pollock",85.169474047778,785.250272763202,0,4.21250682527089,TRUE,10
"583",2013,"GOA",0,0.3,0,"Sebastes polyspinis","walleye pollock",85.169474047778,785.250272763202,0,4.17196183123901,TRUE,10
"584",2013,"GOA",0,0.4,0,"Sebastes polyspinis","walleye pollock",85.169474047778,785.250272763202,0,4.13206509981541,TRUE,10
"585",2013,"GOA",0,0.5,0,"Sebastes polyspinis","walleye pollock",85.169474047778,785.250272763202,0,4.0928166310001,TRUE,10
"586",2013,"GOA",0,0.6,0,"Sebastes polyspinis","walleye pollock",85.169474047778,785.250272763202,0,4.05421642479307,TRUE,10
"587",2013,"GOA",0,0.7,0,"Sebastes polyspinis","walleye pollock",85.169474047778,785.250272763202,0,4.01626448119432,TRUE,10
"588",2013,"GOA",0,0.8,0,"Sebastes polyspinis","walleye pollock",85.169474047778,785.250272763202,0,3.97896080020385,TRUE,10
"589",2013,"GOA",0,0.9,0,"Sebastes polyspinis","walleye pollock",85.169474047778,785.250272763202,0,3.94230538182166,TRUE,10
"590",2013,"GOA",0,1,0,"Sebastes polyspinis","walleye pollock",85.169474047778,785.250272763202,0,3.90629822604776,TRUE,10
"591",2013,"GOA",0,1.1,0,"Sebastes polyspinis","walleye pollock",85.169474047778,785.250272763202,0,3.87093933288214,TRUE,10
"592",2013,"GOA",0,1.2,0,"Sebastes polyspinis","walleye pollock",85.169474047778,785.250272763202,0,3.8362287023248,TRUE,10
"593",2013,"GOA",0,1.3,0,"Sebastes polyspinis","walleye pollock",85.169474047778,785.250272763202,0,3.80216633437575,TRUE,10
"594",2013,"GOA",0,1.4,0,"Sebastes polyspinis","walleye pollock",85.169474047778,785.250272763202,0,3.76875222903498,TRUE,10
"595",2013,"GOA",0,1.5,0,"Sebastes polyspinis","walleye pollock",85.169474047778,785.250272763202,0,3.73598638630249,TRUE,10
"596",2013,"GOA",0,1.6,0,"Sebastes polyspinis","walleye pollock",85.169474047778,785.250272763202,0,3.70386880617828,TRUE,10
"597",2013,"GOA",0,1.7,0,"Sebastes polyspinis","walleye pollock",85.169474047778,785.250272763202,0,3.67239948866235,TRUE,10
"598",2013,"GOA",0,1.8,0,"Sebastes polyspinis","walleye pollock",85.169474047778,785.250272763202,0,3.64157843375471,TRUE,10
"599",2013,"GOA",0,1.9,0,"Sebastes polyspinis","walleye pollock",85.169474047778,785.250272763202,0,3.61140564145535,TRUE,10
"600",2013,"GOA",0,2,0,"Sebastes polyspinis","walleye pollock",85.169474047778,785.250272763202,0,3.58188111176428,TRUE,10
"601",2013,"GOA",0,2.1,0,"Sebastes polyspinis","walleye pollock",85.169474047778,785.250272763202,0,3.55300484468148,TRUE,10
"602",2013,"GOA",0,2.2,0,"Sebastes polyspinis","walleye pollock",85.169474047778,785.250272763202,0,3.52477684020697,TRUE,10
"603",2013,"GOA",0,2.3,0,"Sebastes polyspinis","walleye pollock",85.169474047778,785.250272763202,0,3.49719709834074,TRUE,10
"604",2013,"GOA",0,2.4,0,"Sebastes polyspinis","walleye pollock",85.169474047778,785.250272763202,0,3.47026561908279,TRUE,10
"605",2013,"GOA",0,2.5,0,"Sebastes polyspinis","walleye pollock",85.169474047778,785.250272763202,0,3.44398240243313,TRUE,10
"606",2013,"GOA",0,2.6,0,"Sebastes polyspinis","walleye pollock",85.169474047778,785.250272763202,0,3.41834744839175,TRUE,10
"607",2013,"GOA",0,2.7,0,"Sebastes polyspinis","walleye pollock",85.169474047778,785.250272763202,0,3.39336075695865,TRUE,10
"608",2013,"GOA",0,2.8,0,"Sebastes polyspinis","walleye pollock",85.169474047778,785.250272763202,0,3.36902232813383,TRUE,10
"609",2013,"GOA",0,2.9,0,"Sebastes polyspinis","walleye pollock",85.169474047778,785.250272763202,0,3.3453321619173,TRUE,10
"610",2013,"GOA",0,3,0,"Sebastes polyspinis","walleye pollock",85.169474047778,785.250272763202,0,3.32229025830905,TRUE,10
